Objeto;Classe;n_contorno;Área;Diâmetro;Minor;Imagem
;;0;32,50;7,554371880072024;1,975317619716008;0001.png
;;1;10,50;3,265986323710904;0,000000000000000;0001.png
;;2;9,00;6,606669218274770;2,480068226551033;0001.png
;;0;10,50;4,472135954999580;0,000000000000000;0002.png
;;1;9,50;0,000000000000000;0,000000000000000;0002.png
;;2;5,50;4,472135954999580;0,000000000000000;0002.png
;;0;8651,00;6,052283110938236;1,695889732428958;0003.png
;;1;129,00;0,000000000000000;0,000000000000000;0003.png
;;2;102,50;0,000000000000000;0,000000000000000;0003.png
;;0;8651,50;2,309401076758503;1,333333333333333;0004.png
;;1;135,00;4,680205767201096;1,046744465787899;0004.png
;;2;128,00;9,179476518602309;3,962846577043977;0004.png
;;0;4,50;7,183033368750387;3,206333549912581;0005.png
;;1;4,50;2,000000000000000;0,000000000000000;0005.png
;;2;3,50;5,444424563872507;2,253495322449476;0005.png
;;0;27,50;4,472135954999580;0,000000000000000;0006.png
;;1;6,00;3,265986323710904;0,000000000000000;0006.png
;;2;5,00;5,694095360864592;4,578758906452833;0006.png
;;0;25,50;3,265986323710904;0,000000000000000;0007.png
;;1;21,00;3,236067977499790;1,236067977499790;0007.png
;;2;7,00;10,747248050446096;1,801848867741848;0007.png
;;0;5,50;7,073322178722952;2,960398808750443;0008.png
;;1;4,50;2,000000000000000;0,000000000000000;0008.png
;;2;2,00;0,000000000000000;0,000000000000000;0008.png
;;0;26,00;5,664042473303187;2,449748454171710;0009.png
;;1;5,50;4,472135954999580;0,000000000000000;0009.png
;;2;4,00;8,454128256016611;1,685753545924905;0009.png
;;0;248,50;6,031273328889181;1,467771875029618;0010.png
;;1;206,00;6,410747983365109;1,964939688573319;0010.png
;;2;96,00;4,972652484064487;2,745394340098454;0010.png
;;0;171,50;2,000000000000000;0,000000000000000;0011.png
;;1;95,50;3,236067977499790;1,236067977499790;0011.png
;;2;31,00;13,241187170857517;1,700936368163292;0011.png
;;0;614,00;2,000000000000000;0,000000000000000;0012.png
;;1;246,50;6,000000000000000;1,959591794226542;0012.png
;;2;107,00;6,343898075098332;1,853363756191339;0012.png
;;0;27,50;8,000000000000000;0,000000000000000;0013.png
;;1;13,50;3,265986323710904;0,000000000000000;0013.png
;;2;10,50;5,656854249492381;0,000000000000000;0013.png
;;0;27,00;8,000000000000000;0,000000000000000;0014.png
;;1;15,00;3,464101615137754;1,414213562373095;0014.png
;;2;11,50;2,000000000000000;0,000000000000000;0014.png
;;0;368,00;2,828427124746190;0,000000000000000;0015.png
;;1;238,00;2,000000000000000;0,000000000000000;0015.png
;;2;91,50;3,098386676965933;1,788854381999832;0015.png
;;0;119,50;3,236067977499790;1,236067977499790;0016.png
;;1;115,00;3,265986323710904;0,000000000000000;0016.png
;;2;84,50;3,265986323710904;0,000000000000000;0016.png
;;0;126,50;6,453653545640349;2,825935503227082;0017.png
;;1;111,00;6,521723719229430;1,815015213122856;0017.png
;;2;19,00;25,474156091543584;1,972714053484508;0017.png
;;0;4,00;5,656854249492381;0,000000000000000;0018.png
;;1;3,50;2,000000000000000;0,000000000000000;0018.png
;;2;2,50;4,472135954999580;0,000000000000000;0018.png
;;0;17,50;4,000000000000000;1,632993161855452;0019.png
;;1;6,00;3,265986323710904;0,000000000000000;0019.png
;;2;4,50;3,265986323710904;0,000000000000000;0019.png
;;0;7,00;4,796702691401646;1,764679084109074;0020.png
;;1;2,50;3,265986323710904;0,000000000000000;0020.png
;;2;2,50;4,155374705678736;1,905471133100374;0020.png
;;0;20,00;4,472135954999580;0,000000000000000;0021.png
;;1;7,00;2,828427124746190;0,000000000000000;0021.png
;;2;3,00;2,000000000000000;0,000000000000000;0021.png
;;0;327,00;6,780019934022160;1,305679547981528;0022.png
;;1;210,50;4,093338188813543;1,563516060678838;0022.png
;;2;130,50;0,000000000000000;0,000000000000000;0022.png
;;0;318,50;0,000000000000000;0,000000000000000;0023.png
;;1;120,50;3,265986323710904;0,000000000000000;0023.png
;;2;113,00;7,887165627530472;1,610160974530768;0023.png
;;0;4492,00;4,341695451102850;1,276589444525070;0024.png
;;1;327,50;3,265986323710904;0,000000000000000;0024.png
;;2;122,00;3,126943839882286;2,309401076758503;0024.png
;;0;317,50;0,000000000000000;0,000000000000000;0025.png
;;1;152,50;4,155374705678736;1,905471133100374;0025.png
;;2;118,00;0,000000000000000;0,000000000000000;0025.png
;;0;111,50;3,265986323710904;0,000000000000000;0026.png
;;1;58,50;4,472135954999580;0,000000000000000;0026.png
;;2;28,50;2,309401076758503;1,333333333333333;0026.png
;;0;129,50;0,000000000000000;0,000000000000000;0027.png
;;1;12,50;3,464101615137754;1,414213562373095;0027.png
;;2;10,00;2,000000000000000;2,000000000000000;0027.png
;;0;433,50;4,472135954999580;0,000000000000000;0028.png
;;1;119,00;2,309401076758503;1,333333333333333;0028.png
;;2;81,50;3,464101615137754;1,414213562373095;0028.png
;;0;7,50;4,472135954999580;0,000000000000000;0029.png
;;1;3,00;3,265986323710904;0,000000000000000;0029.png
;;2;0,00;3,265986323710904;0,000000000000000;0029.png
;;0;6,00;4,828427124746190;0,828427124746190;0030.png
;;1;4,00;6,147097018697723;2,678035834089599;0030.png
;;2;3,50;3,236067977499790;1,236067977499790;0030.png
;;0;508,00;3,265986323710904;0,000000000000000;0031.png
;;1;24,50;3,265986323710904;0,000000000000000;0031.png
;;2;10,00;0,000000000000000;0,000000000000000;0031.png
;;0;18,50;3,265986323710904;0,000000000000000;0032.png
;;1;8,00;17,921771112336689;2,372064131584867;0032.png
;;2;3,50;7,396651819900904;2,779755718612094;0032.png
;;0;503,50;3,265986323710904;0,000000000000000;0033.png
;;1;16,50;16,258337629924874;1,851964125148292;0033.png
;;2;11,50;2,000000000000000;0,000000000000000;0033.png
;;0;20,00;7,073322178722952;2,960398808750444;0034.png
;;1;9,50;7,881945154710912;3,664764130702647;0034.png
;;2;3,00;0,000000000000000;0,000000000000000;0034.png
;;0;9,50;2,828427124746190;0,000000000000000;0035.png
;;1;8,00;9,165151389911680;0,000000000000000;0035.png
;;2;8,00;3,265986323710904;2,000000000000000;0035.png
;;0;26,50;2,000000000000000;0,000000000000000;0036.png
;;1;18,50;2,000000000000000;0,000000000000000;0036.png
;;2;7,00;7,161162398353258;4,122976138996369;0036.png
;;0;49,00;4,976979969245306;1,797128372078910;0037.png
;;1;12,00;8,444589943073952;4,473115022672366;0037.png
;;2;11,50;3,265986323710904;0,000000000000000;0037.png
;;0;8991,50;7,554371880072024;1,975317619716008;0038.png
;;1;91,00;3,265986323710904;0,000000000000000;0038.png
;;2;89,50;3,098386676965933;1,788854381999832;0038.png
;;0;69,50;16,456978082124557;1,434141308714314;0039.png
;;1;40,00;4,472135954999580;0,000000000000000;0039.png
;;2;39,00;2,000000000000000;0,000000000000000;0039.png
;;0;104,50;19,204275216921417;1,384129109851350;0040.png
;;1;96,00;2,309401076758503;1,333333333333333;0040.png
;;2;82,50;2,000000000000000;0,000000000000000;0040.png
;;0;80,50;8,000000000000000;0,000000000000000;0041.png
;;1;75,50;4,569200140512701;2,757246828983344;0041.png
;;2;72,00;3,464101615137754;1,414213562373095;0041.png
;;0;8983,00;3,265986323710904;0,000000000000000;0042.png
;;1;87,00;3,829708431025352;1,885618083164127;0042.png
;;2;85,50;0,000000000000000;0,000000000000000;0042.png
;;0;71,50;2,000000000000000;0,000000000000000;0043.png
;;1;39,50;8,000000000000000;0,000000000000000;0043.png
;;2;39,00;5,537749241945384;2,748737083745107;0043.png
;;0;76,00;2,000000000000000;0,000000000000000;0044.png
;;1;55,00;7,846866283784094;2,130211406298328;0044.png
;;2;16,00;3,771236166328253;2,309401076758503;0044.png
;;0;61,00;4,363338213437162;1,655009792399060;0045.png
;;1;41,00;3,265986323710904;2,000000000000000;0045.png
;;2;11,50;2,000000000000000;0,000000000000000;0045.png
;;0;8636,50;3,265986323710904;0,000000000000000;0046.png
;;1;71,50;5,912809357935427;0,937382257518902;0046.png
;;2;56,00;2,000000000000000;0,000000000000000;0046.png
;;0;50,00;2,828427124746190;0,000000000000000;0047.png
;;1;18,00;3,265986323710904;0,000000000000000;0047.png
;;2;11,00;2,000000000000000;0,000000000000000;0047.png
;;0;54,00;4,472135954999580;2,000000000000000;0048.png
;;1;17,00;3,265986323710904;0,000000000000000;0048.png
;;2;14,50;4,472135954999580;0,000000000000000;0048.png
;;0;64,00;3,265986323710904;0,000000000000000;0049.png
;;1;50,00;4,155374705678736;1,905471133100374;0049.png
;;2;15,00;3,265986323710904;0,000000000000000;0049.png
;;0;113,00;7,141921394560869;1,913014757021073;0050.png
;;1;84,00;2,309401076758503;1,333333333333333;0050.png
;;2;58,50;3,265986323710904;0,000000000000000;0050.png
;;0;171,00;9,597568933577463;1,939502659247667;0051.png
;;1;95,50;4,472135954999580;0,000000000000000;0051.png
;;2;78,00;3,265986323710904;0,000000000000000;0051.png
;;0;99,00;5,133805351608395;1,542315301534688;0052.png
;;1;78,50;13,375096009791008;2,853998649219498;0052.png
;;2;59,50;18,190414325732036;2,089701609689005;0052.png
;;0;134,50;10,468294824979926;3,843719352046722;0053.png
;;1;94,00;0,000000000000000;0,000000000000000;0053.png
;;2;66,50;3,829708431025352;1,885618083164127;0053.png
;;0;3699,00;8,094735909846060;1,843455308090119;0054.png
;;1;117,50;5,731928671776635;2,902257778099778;0054.png
;;2;79,50;6,831300510639732;0,000000000000000;0054.png
;;0;127,00;3,265986323710904;0,000000000000000;0055.png
;;1;90,50;3,265986323710904;0,000000000000000;0055.png
;;2;73,50;3,265986323710904;0,000000000000000;0055.png
;;0;122,00;6,585670706008097;3,179608499510328;0056.png
;;1;84,00;2,000000000000000;0,000000000000000;0056.png
;;2;65,00;2,000000000000000;0,000000000000000;0056.png
;;0;8958,50;4,472135954999580;0,000000000000000;0057.png
;;1;2865,50;3,265986323710904;0,000000000000000;0057.png
;;2;114,00;6,000854367100811;1,972557079718700;0057.png
;;0;8731,50;3,829708431025352;1,885618083164127;0058.png
;;1;3825,50;10,712522354527785;1,951862197571952;0058.png
;;2;84,00;4,472135954999580;0,000000000000000;0058.png
;;0;716,50;5,656854249492381;0,000000000000000;0059.png
;;1;88,50;30,126325873464843;3,002598953725560;0059.png
;;2;72,00;6,245171657697639;3,191446531886460;0059.png
;;0;717,00;4,472135954999580;0,000000000000000;0060.png
;;1;107,00;3,236067977499790;1,236067977499790;0060.png
;;2;87,00;17,546338542746675;2,772148226305919;0060.png
;;0;3664,00;14,551718496048425;1,546873469772292;0061.png
;;1;666,00;4,472135954999580;0,000000000000000;0061.png
;;2;122,50;4,472135954999580;0,000000000000000;0061.png
;;0;8980,50;10,712522354527785;1,951862197571952;0062.png
;;1;127,00;3,098386676965933;1,788854381999832;0062.png
;;2;126,00;7,704827029912549;2,551595665290443;0062.png
;;0;3426,50;3,265986323710904;0,000000000000000;0063.png
;;1;38,00;2,000000000000000;0,000000000000000;0063.png
;;2;26,00;3,265986323710904;0,000000000000000;0063.png
;;0;8805,00;2,000000000000000;0,000000000000000;0064.png
;;1;3761,00;5,656854249492381;0,000000000000000;0064.png
;;2;80,00;0,000000000000000;0,000000000000000;0064.png
;;0;170,50;3,265986323710904;0,000000000000000;0065.png
;;1;160,00;4,618802153517006;2,351778943168525;0065.png
;;2;149,00;4,155374705678736;1,905471133100374;0065.png
;;0;253,50;0,000000000000000;0,000000000000000;0066.png
;;1;83,50;0,000000000000000;0,000000000000000;0066.png
;;2;46,00;4,155374705678736;1,905471133100374;0066.png
;;0;35,00;8,438009243891594;2,993325909419153;0067.png
;;1;12,50;8,202748130404117;3,433555485854427;0067.png
;;2;11,00;5,196736578748781;2,565288636898106;0067.png
;;0;79,50;0,000000000000000;0,000000000000000;0068.png
;;1;54,50;4,898979485566356;1,936491673103709;0068.png
;;2;33,00;4,634736211286691;1,826347935745029;0068.png
;;0;84,50;0,000000000000000;0,000000000000000;0069.png
;;1;51,00;9,419337793277204;1,652784570933211;0069.png
;;2;31,50;2,000000000000000;0,000000000000000;0069.png
;;0;84,50;2,000000000000000;0,000000000000000;0070.png
;;1;38,00;2,000000000000000;0,000000000000000;0070.png
;;2;12,50;0,000000000000000;0,000000000000000;0070.png
;;0;125,50;2,000000000000000;0,000000000000000;0071.png
;;1;69,00;2,309401076758503;1,333333333333333;0071.png
;;2;64,50;3,265986323710904;0,000000000000000;0071.png
;;0;201,50;10,160075468405529;1,424452464426814;0072.png
;;1;79,50;12,794498794167280;1,924100088423083;0072.png
;;2;62,00;5,656854249492381;0,000000000000000;0072.png
;;0;109,50;0,000000000000000;0,000000000000000;0073.png
;;1;66,00;3,265986323710904;0,000000000000000;0073.png
;;2;63,00;6,052283110938236;1,695889732428958;0073.png
;;0;2485,50;7,097764472921568;3,093922554118484;0074.png
;;1;189,50;4,155374705678736;1,905471133100374;0074.png
;;2;172,50;13,709955786289514;4,991459041041487;0074.png
;;0;3540,00;2,000000000000000;0,000000000000000;0075.png
;;1;106,50;4,976979969245306;1,797128372078910;0075.png
;;2;63,00;18,860215615242439;3,030596719125710;0075.png
;;0;99,00;10,997634560178083;3,754851405951589;0076.png
;;1;34,50;4,155374705678736;1,905471133100374;0076.png
;;2;32,50;0,000000000000000;0,000000000000000;0076.png
;;0;5559,50;6,000000000000000;1,959591794226542;0077.png
;;1;4738,00;13,802740343632395;1,677497807885102;0077.png
;;2;128,00;6,410747983365109;1,964939688573319;0077.png
;;0;1473,50;5,311578320742263;2,045042168517770;0078.png
;;1;35,50;17,635546037494294;1,974527427758243;0078.png
;;2;27,50;13,808210118138652;0,000000000000000;0078.png
;;0;3324,50;4,472135954999580;0,000000000000000;0079.png
;;1;103,00;3,265986323710904;0,000000000000000;0079.png
;;2;70,50;2,000000000000000;0,000000000000000;0079.png
;;0;4352,00;5,656854249492381;0,000000000000000;0080.png
;;1;724,50;2,000000000000000;0,000000000000000;0080.png
;;2;112,00;7,304621148395339;2,496722048912666;0080.png
;;0;2006,50;8,000000000000000;0,000000000000000;0081.png
;;1;761,00;5,163977794943222;1,490711984999860;0081.png
;;2;132,50;4,472135954999580;0,000000000000000;0081.png
;;0;552,50;2,000000000000000;0,000000000000000;0082.png
;;1;41,00;0,000000000000000;0,000000000000000;0082.png
;;2;22,00;2,000000000000000;2,000000000000000;0082.png
;;0;118,00;5,656854249492381;0,000000000000000;0083.png
;;1;76,00;6,325392207287136;3,420344424841570;0083.png
;;2;73,00;4,472135954999580;0,000000000000000;0083.png
;;0;3891,00;2,000000000000000;0,000000000000000;0084.png
;;1;98,00;3,265986323710904;0,000000000000000;0084.png
;;2;58,00;5,327693424801688;2,922115619615655;0084.png
;;0;88,00;6,870164838622471;2,527179041287643;0085.png
;;1;76,50;3,265986323710904;0,000000000000000;0085.png
;;2;57,00;9,169087993043243;1,880615395214858;0085.png
;;0;2523,50;4,000000000000000;1,632993161855452;0086.png
;;1;167,50;3,265986323710904;0,000000000000000;0086.png
;;2;51,00;7,204379064215801;3,700445132842157;0086.png
;;0;34,00;2,000000000000000;0,000000000000000;0087.png
;;1;14,00;18,815231944084665;1,966996967110669;0087.png
;;2;13,50;5,366563145999495;2,190890230020665;0087.png
;;0;2333,50;4,472135954999580;2,000000000000000;0088.png
;;1;52,00;4,472135954999580;0,000000000000000;0088.png
;;2;32,00;0,000000000000000;0,000000000000000;0088.png
;;0;5977,00;5,656854249492381;0,000000000000000;0089.png
;;1;2585,00;4,507893913753563;2,104493398028036;0089.png
;;2;55,00;3,098386676965933;1,788854381999832;0089.png
;;0;6004,50;6,343898075098332;1,853363756191339;0090.png
;;1;3848,00;0,000000000000000;0,000000000000000;0090.png
;;2;2581,00;7,049811475828224;1,786818440343553;0090.png
;;0;121,50;6,831300510639732;0,000000000000000;0091.png
;;1;44,00;8,000000000000000;0,000000000000000;0091.png
;;2;26,00;0,000000000000000;0,000000000000000;0091.png
;;0;53,00;2,309401076758503;1,333333333333333;0092.png
;;1;33,00;2,000000000000000;2,000000000000000;0092.png
;;2;11,00;4,472135954999580;0,000000000000000;0092.png
;;0;2029,50;7,000091071529563;1,904422265109768;0093.png
;;1;1995,00;4,569200140512701;2,757246828983344;0093.png
;;2;105,00;9,776625254687104;2,538166658720235;0093.png
;;0;28,50;3,236067977499790;1,236067977499790;0094.png
;;1;11,00;3,265986323710904;0,000000000000000;0094.png
;;2;10,50;2,000000000000000;0,000000000000000;0094.png
;;0;429,50;5,656854249492381;0,000000000000000;0095.png
;;1;33,00;2,000000000000000;0,000000000000000;0095.png
;;2;33,00;6,886458072263693;2,444001825510005;0095.png
;;0;504,00;0,000000000000000;0,000000000000000;0096.png
;;1;63,00;0,000000000000000;0,000000000000000;0096.png
;;2;56,00;2,000000000000000;0,000000000000000;0096.png
;;0;491,00;0,000000000000000;0,000000000000000;0097.png
;;1;34,00;3,265986323710904;0,000000000000000;0097.png
;;2;15,00;4,472135954999580;0,000000000000000;0097.png
;;0;53,00;3,265986323710904;0,000000000000000;0098.png
;;1;23,00;3,265986323710904;0,000000000000000;0098.png
;;2;12,50;4,341695451102850;1,276589444525070;0098.png
;;0;34,00;13,955305294043805;1,978919103121602;0099.png
;;1;16,50;5,672452304781605;1,560618386389525;0099.png
;;2;14,00;8,272431330206533;2,682009967332717;0099.png
;;0;38,00;6,052283110938236;1,695889732428958;0100.png
;;1;16,50;9,529675494243438;1,321842821779686;0100.png
;;2;15,00;13,073253969622831;1,522070074736227;0100.png
;;0;44,50;6,586417573021535;1,685623260404093;0101.png
;;1;38,00;2,828427124746190;0,000000000000000;0101.png
;;2;33,50;3,265986323710904;0,000000000000000;0101.png
;;0;47,50;2,309401076758503;1,333333333333333;0102.png
;;1;44,00;7,610212274206421;3,993091855075217;0102.png
;;2;28,50;10,145852905445730;3,228424913513189;0102.png
;;0;30,00;4,472135954999580;0,000000000000000;0103.png
;;1;23,00;6,831300510639732;0,000000000000000;0103.png
;;2;20,00;0,000000000000000;0,000000000000000;0103.png
;;0;3900,50;4,472135954999580;0,000000000000000;0104.png
;;1;927,50;2,000000000000000;0,000000000000000;0104.png
;;2;79,00;4,472135954999580;2,000000000000000;0104.png
;;0;4555,50;9,575194664791034;1,860729372591286;0105.png
;;1;110,00;0,000000000000000;0,000000000000000;0105.png
;;2;66,50;6,831300510639732;0,000000000000000;0105.png
;;0;2251,00;4,507893913753563;2,104493398028036;0106.png
;;1;79,50;0,000000000000000;0,000000000000000;0106.png
;;2;51,00;5,444424563872507;2,253495322449476;0106.png
;;0;657,00;2,000000000000000;0,000000000000000;0107.png
;;1;46,50;2,000000000000000;0,000000000000000;0107.png
;;2;16,50;4,363338213437162;1,655009792399060;0107.png
;;0;86,50;8,196221964871601;1,712616890512122;0108.png
;;1;64,00;0,000000000000000;0,000000000000000;0108.png
;;2;49,50;2,000000000000000;0,000000000000000;0108.png
;;0;55,00;4,472135954999580;0,000000000000000;0109.png
;;1;39,00;4,100618600451318;2,486951365353307;0109.png
;;2;13,50;7,759785301043095;3,611361298571905;0109.png
;;0;468,00;3,098386676965933;1,788854381999832;0110.png
;;1;160,00;2,828427124746190;1,732050807568877;0110.png
;;2;72,50;2,000000000000000;0,000000000000000;0110.png
;;0;4905,50;4,098780306383840;2,993325909419153;0111.png
;;1;564,50;3,098386676965933;1,788854381999832;0111.png
;;2;70,00;12,165525060596439;1,959591794226545;0111.png
;;0;589,50;5,236067977499790;0,763932022500210;0112.png
;;1;72,00;6,721344403334447;3,067859955389482;0112.png
;;2;56,00;5,656854249492381;0,000000000000000;0112.png
;;0;484,00;8,493727735702040;1,921802238952664;0113.png
;;1;45,50;2,828427124746190;1,732050807568877;0113.png
;;2;20,50;3,265986323710904;0,000000000000000;0113.png
;;0;41,50;2,000000000000000;0,000000000000000;0114.png
;;1;29,00;3,236067977499790;1,236067977499790;0114.png
;;2;19,00;7,554371880072024;1,975317619716008;0114.png
;;0;3558,50;2,000000000000000;0,000000000000000;0115.png
;;1;62,00;2,000000000000000;0,000000000000000;0115.png
;;2;51,50;5,656854249492381;0,000000000000000;0115.png
;;0;123,50;5,163977794943222;1,490711984999860;0116.png
;;1;93,50;2,000000000000000;0,000000000000000;0116.png
;;2;70,00;8,261297173761164;1,936741853424405;0116.png
;;0;106,50;2,000000000000000;0,000000000000000;0117.png
;;1;63,00;2,309401076758503;1,333333333333333;0117.png
;;2;53,00;8,246211251235321;1,979486637221575;0117.png
;;0;54,50;3,265986323710904;0,000000000000000;0118.png
;;1;17,00;4,976979969245306;1,797128372078910;0118.png
;;2;17,00;0,000000000000000;0,000000000000000;0118.png
;;0;4011,50;3,098386676965933;1,788854381999832;0119.png
;;1;59,00;4,472135954999580;0,000000000000000;0119.png
;;2;48,50;0,000000000000000;0,000000000000000;0119.png
;;0;47,00;6,831300510639732;2,000000000000000;0120.png
;;1;12,00;2,000000000000000;0,000000000000000;0120.png
;;2;11,50;9,190019298244684;1,486678164417898;0120.png
;;0;29397,00;4,472135954999580;0,000000000000000;0121.png
;;1;13677,50;2,828427124746190;0,000000000000000;0121.png
;;2;1840,00;2,309401076758503;1,333333333333333;0121.png
;;0;29424,50;6,454602252376952;3,310639211063720;0122.png
;;1;14996,50;4,250443670471930;2,612014068307059;0122.png
;;2;8568,00;2,000000000000000;0,000000000000000;0122.png
;;0;29463,50;15,588094465614448;4,166343525094487;0123.png
;;1;14546,50;6,897088089272231;1,932863423210776;0123.png
;;2;3178,00;6,075474289136743;2,649076489057768;0123.png
;;0;28894,50;4,507893913753563;2,104493398028036;0124.png
;;1;13405,50;3,236067977499790;1,236067977499790;0124.png
;;2;7198,00;2,000000000000000;2,000000000000000;0124.png
;;0;29563,50;11,314843635710979;3,994949451630400;0125.png
;;1;13947,00;13,437426915288766;4,081931757648441;0125.png
;;2;6701,50;7,217649252015070;3,190163665575469;0125.png
;;0;29683,00;6,410773181397356;1,965193938693184;0126.png
;;1;13965,00;5,656854249492381;2,000000000000000;0126.png
;;2;3311,50;23,340095452499803;5,888846366805479;0126.png
;;0;29686,00;6,843275670546393;2,944414729094360;0127.png
;;1;14122,50;18,525615484061248;4,333450668678193;0127.png
;;2;3281,50;2,000000000000000;0,000000000000000;0127.png
;;0;29651,00;11,489741291179055;4,011884851509957;0128.png
;;1;13980,50;2,828427124746190;1,732050807568877;0128.png
;;2;1923,00;2,000000000000000;0,000000000000000;0128.png
;;0;29729,00;5,876837803440551;2,884427202963337;0129.png
;;1;8228,00;4,886449919442066;3,653367895613989;0129.png
;;2;1863,50;14,328813225065840;7,110571449987969;0129.png
;;0;29713,50;5,033222956847167;2,905932629027116;0130.png
;;1;3535,00;8,278704359656585;3,740432047662519;0130.png
;;2;1051,00;3,265986323710904;2,000000000000000;0130.png
;;0;35521,00;0,000000000000000;0,000000000000000;0131.png
;;1;29545,00;2,000000000000000;0,000000000000000;0131.png
;;2;1435,00;2,309401076758503;1,333333333333333;0131.png
;;0;29754,50;4,898979485566356;1,936491673103709;0132.png
;;1;5424,50;5,904075964191260;2,609320539091684;0132.png
;;2;885,00;2,000000000000000;0,000000000000000;0132.png
;;0;29746,50;12,612864576977659;3,886963419995992;0133.png
;;1;2144,50;3,098386676965933;1,788854381999832;0133.png
;;2;901,50;0,000000000000000;0,000000000000000;0133.png
;;0;29725,50;2,000000000000000;0,000000000000000;0134.png
;;1;1868,00;7,831797897183566;3,137355112086156;0134.png
;;2;852,50;5,695556700721194;2,484392102065171;0134.png
;;0;29764,50;2,000000000000000;0,000000000000000;0135.png
;;1;4266,50;2,309401076758503;1,333333333333333;0135.png
;;2;1749,00;0,000000000000000;0,000000000000000;0135.png
;;0;29695,00;15,974866377825615;4,760751550094562;0136.png
;;1;8982,50;6,342284798713821;2,973565233632895;0136.png
;;2;3700,50;7,267137657458658;2,761559390552063;0136.png
;;0;35405,50;2,000000000000000;0,000000000000000;0137.png
;;1;29538,50;3,265986323710904;0,000000000000000;0137.png
;;2;8859,50;2,000000000000000;0,000000000000000;0137.png
;;0;29803,50;7,262260789508211;2,697655649438851;0138.png
;;1;8906,50;2,000000000000000;0,000000000000000;0138.png
;;2;5385,00;4,558358104108395;2,970079358318447;0138.png
;;0;29676,00;3,829708431025352;1,885618083164127;0139.png
;;1;8970,50;6,564696009802764;3,292759678275908;0139.png
;;2;2196,50;6,055509193551325;4,136252674171776;0139.png
;;0;29797,50;5,830024994442534;2,544330654913134;0140.png
;;1;8990,50;4,507893913753563;2,104493398028036;0140.png
;;2;2437,00;7,191412392363815;2,346446254483227;0140.png
;;0;29647,50;2,000000000000000;2,000000000000000;0141.png
;;1;8806,50;14,599137482556353;4,168379642864938;0141.png
;;2;4885,00;6,910124541010887;2,986108754614563;0141.png
;;0;35236,00;3,464101615137754;1,414213562373095;0142.png
;;1;29610,50;7,554371880072024;1,975317619716008;0142.png
;;2;3369,00;4,093338188813542;1,563516060678838;0142.png
;;0;29885,00;7,200621590674109;3,637450852990026;0143.png
;;1;6709,00;2,828427124746190;0,000000000000000;0143.png
;;2;4444,50;3,265986323710904;0,000000000000000;0143.png
;;0;29779,50;3,885753375057407;2,795442890696132;0144.png
;;1;3975,00;23,412156366443064;7,346209902647561;0144.png
;;2;2610,50;5,189483704979297;2,630684045106107;0144.png
;;0;30233,50;7,558721261499240;4,673898236771318;0145.png
;;1;4606,00;2,000000000000000;0,000000000000000;0145.png
;;2;2670,00;0,000000000000000;0,000000000000000;0145.png
;;0;29836,50;6,471106642514547;3,290996987866333;0146.png
;;1;9890,50;4,919459827476725;3,375877388463233;0146.png
;;2;5187,50;7,718100141287419;3,631977531259178;0146.png
;;0;35420,50;3,265986323710904;0,000000000000000;0147.png
;;1;29770,00;5,196736578748782;2,565288636898107;0147.png
;;2;8310,00;6,169170661855025;3,889335279038601;0147.png
;;0;36793,00;16,896057514606614;7,878739071196248;0148.png
;;1;29918,50;16,492544488552149;4,587544339838865;0148.png
;;2;3944,00;14,677383730658072;4,202478622920069;0148.png
;;0;35702,50;4,472135954999580;2,000000000000000;0149.png
;;1;29806,00;4,341695451102850;1,276589444525070;0149.png
;;2;1760,50;8,327896461408185;1,932588400181151;0149.png
;;0;35868,00;5,839018474503635;2,259615731580316;0150.png
;;1;29841,50;9,751727607618619;4,349329200905180;0150.png
;;2;1734,00;3,023715784073818;2,799416848895061;0150.png
;;0;29915,00;3,236067977499790;1,236067977499790;0151.png
;;1;8666,00;6,334195111074454;3,755022572110947;0151.png
;;2;1964,00;6,749143921233963;3,780086815202877;0151.png
;;0;30233,00;5,731928671776635;2,902257778099778;0152.png
;;1;10097,00;8,752598684652131;4,880754893614458;0152.png
;;2;1927,50;2,000000000000000;0,000000000000000;0152.png
;;0;30167,00;2,000000000000000;0,000000000000000;0153.png
;;1;10604,00;6,842316735992748;4,188736501110658;0153.png
;;2;5130,50;2,828427124746190;0,000000000000000;0153.png
;;0;30322,50;4,132908103676025;2,864091692640617;0154.png
;;1;3373,50;11,466600381562172;10,002756593276455;0154.png
;;2;3085,00;8,131503325484839;2,500730626762709;0154.png
;;0;30240,50;4,000000000000000;1,385640646055102;0155.png
;;1;5400,50;6,910694415125243;2,443501127989339;0155.png
;;2;3079,50;5,311578320742263;2,045042168517770;0155.png
;;0;30288,50;2,309401076758503;1,333333333333333;0156.png
;;1;5616,00;2,000000000000000;0,000000000000000;0156.png
;;2;4703,50;15,133844762190405;7,227822336101345;0156.png
;;0;15391,50;4,976979969245306;1,797128372078910;0157.png
;;1;9026,50;9,464319866878812;3,904225401794224;0157.png
;;2;3851,50;3,023715784073818;2,799416848895060;0157.png
;;0;15737,50;4,796702691401646;1,764679084109074;0158.png
;;1;10295,00;7,794302879834810;2,597853463419133;0158.png
;;2;4188,50;10,821063993175086;3,127007204278503;0158.png
;;0;13871,00;3,265986323710904;2,000000000000000;0159.png
;;1;1960,50;6,175642573720349;2,743739322224210;0159.png
;;2;1559,50;3,265986323710904;3,265986323710904;0159.png
;;0;15692,00;2,000000000000000;0,000000000000000;0160.png
;;1;4837,00;0,000000000000000;0,000000000000000;0160.png
;;2;4484,00;0,000000000000000;0,000000000000000;0160.png
;;0;15515,00;4,919459827476725;3,375877388463234;0161.png
;;1;4019,00;7,731010827707836;3,198667157092813;0161.png
;;2;3175,50;2,309401076758503;1,333333333333333;0161.png
;;0;15725,00;7,851686732090648;4,392581704931611;0162.png
;;1;3968,00;14,955255294859219;10,568460129887875;0162.png
;;2;3933,50;3,236067977499790;1,236067977499790;0162.png
;;0;15435,00;3,098386676965933;1,788854381999832;0163.png
;;1;4253,50;4,346129984141888;3,067356324605906;0163.png
;;2;3751,50;2,000000000000000;0,000000000000000;0163.png
;;0;14534,00;5,754986301390788;3,417620908000825;0164.png
;;1;9980,50;3,236067977499790;1,236067977499790;0164.png
;;2;4110,00;6,491432935357954;3,215788930534778;0164.png
;;0;34845,00;5,376796813410203;2,993305616289287;0165.png
;;1;14249,00;0,000000000000000;0,000000000000000;0165.png
;;2;9063,50;7,252652857171122;3,133493197660931;0165.png
;;0;15019,00;10,675126838361493;6,006682485199891;0166.png
;;1;11001,50;6,459215953121050;4,864250124217146;0166.png
;;2;6385,50;14,888286944178697;5,401337854657969;0166.png
;;0;14959,50;6,330541497244054;3,209243579361188;0167.png
;;1;10649,00;15,853493879640769;6,488627540840072;0167.png
;;2;2827,50;3,265986323710904;0,000000000000000;0167.png
;;0;15279,00;0,000000000000000;0,000000000000000;0168.png
;;1;10912,00;2,000000000000000;0,000000000000000;0168.png
;;2;2541,00;4,680205767201096;1,046744465787899;0168.png
;;0;14274,50;9,141172082686714;4,401647541026239;0169.png
;;1;8402,50;2,000000000000000;2,000000000000000;0169.png
;;2;4101,50;4,155374705678736;1,905471133100374;0169.png
;;0;36137,00;4,618802153517006;2,351778943168525;0170.png
;;1;14697,00;9,443372017660414;6,090865562743542;0170.png
;;2;9669,50;8,846739942360268;3,481965146456282;0170.png
;;0;16556,50;0,000000000000000;0,000000000000000;0171.png
;;1;12639,00;17,106859093361713;7,847276514254458;0171.png
;;2;6689,00;5,656854249492381;2,000000000000000;0171.png
;;0;16322,00;3,126943839882286;2,309401076758503;0172.png
;;1;15204,50;7,014586374208520;3,185130918443747;0172.png
;;2;5402,00;8,439021415499717;4,876773272230026;0172.png
;;0;16266,50;9,307199519293546;4,753397427952135;0173.png
;;1;14147,50;2,000000000000000;0,000000000000000;0173.png
;;2;2761,00;3,098386676965933;1,788854381999832;0173.png
;;0;16441,00;2,309401076758503;1,333333333333333;0174.png
;;1;14799,00;4,849661197520208;1,346892572776387;0174.png
;;2;4824,50;8,399177535187251;2,135709425210917;0174.png
;;0;36057,00;0,000000000000000;0,000000000000000;0175.png
;;1;14532,50;5,685009884989297;2,344961497712873;0175.png
;;2;4746,50;3,836665218650176;1,788854381999832;0175.png
;;0;15124,00;0,000000000000000;0,000000000000000;0176.png
;;1;2984,00;5,203549084703927;3,076923076923077;0176.png
;;2;772,00;4,000000000000000;2,213133340689952;0176.png
;;0;36340,50;3,265986323710904;0,000000000000000;0177.png
;;1;14837,50;8,085128209831346;2,411301577981720;0177.png
;;2;1478,00;2,000000000000000;2,000000000000000;0177.png
;;0;34693,00;3,677088528342677;0,837402040213009;0178.png
;;1;14227,50;4,000000000000000;1,632993161855452;0178.png
;;2;4273,00;6,668951607116287;2,621454412621226;0178.png
;;0;16284,50;4,569200140512701;2,757246828983344;0179.png
;;1;5725,50;3,885753375057407;2,795442890696132;0179.png
;;2;4344,00;0,000000000000000;0,000000000000000;0179.png
;;0;16529,00;3,236067977499790;1,236067977499790;0180.png
;;1;8315,00;12,326705366589232;4,072359245395929;0180.png
;;2;3136,50;2,828427124746190;0,000000000000000;0180.png
;;0;16557,00;3,265986323710904;2,000000000000000;0181.png
;;1;9210,00;4,155374705678736;1,905471133100374;0181.png
;;2;5059,50;3,651483716701107;2,108185106778920;0181.png
;;0;16192,00;2,000000000000000;0,000000000000000;0182.png
;;1;2802,50;4,634736211286691;1,826347935745029;0182.png
;;2;2631,00;4,472135954999580;2,000000000000000;0182.png
;;0;16253,50;6,269682801768589;2,931962313706328;0183.png
;;1;5551,00;5,764613536983137;3,212402002741708;0183.png
;;2;5079,50;4,381780460041329;2,683281572999748;0183.png
;;0;16539,50;3,098386676965933;1,788854381999832;0184.png
;;1;6896,50;3,829708431025352;1,885618083164126;0184.png
;;2;5825,50;10,312907817781090;4,419051252769398;0184.png
;;0;9814,00;10,160616478134823;5,984285145497534;0185.png
;;1;4159,00;3,464101615137754;2,738612787525831;0185.png
;;2;3486,00;13,158517716098075;5,727500517394896;0185.png
;;0;8452,00;8,490661319074585;4,087758280336622;0186.png
;;1;1894,00;3,098386676965933;1,788854381999832;0186.png
;;2;1243,50;2,000000000000000;0,000000000000000;0186.png
;;0;10144,50;5,321869122843981;1,782612980800892;0187.png
;;1;8083,00;9,398861797912907;1,998682125068087;0187.png
;;2;3376,00;2,000000000000000;0,000000000000000;0187.png
;;0;9462,00;4,093338188813543;1,563516060678838;0188.png
;;1;4106,00;6,886458072263693;2,444001825510005;0188.png
;;2;2403,50;0,000000000000000;0,000000000000000;0188.png
;;0;9592,50;2,000000000000000;0,000000000000000;0189.png
;;1;2543,00;8,098305290044548;2,565290770138726;0189.png
;;2;1591,00;6,189012305217223;1,856374608173091;0189.png
;;0;9017,00;8,261125968580169;3,659601975644243;0190.png
;;1;5010,50;2,000000000000000;0,000000000000000;0190.png
;;2;2364,50;2,000000000000000;0,000000000000000;0190.png
;;0;37285,00;4,155374705678736;1,905471133100374;0191.png
;;1;3437,50;14,808046958061350;3,387452096724486;0191.png
;;2;1583,50;5,982593621313812;3,048445178555737;0191.png
;;0;27547,00;5,284476878556560;2,018490554845656;0192.png
;;1;10359,00;16,761519746744739;4,463345805501319;0192.png
;;2;6219,50;4,472135954999580;0,000000000000000;0192.png
;;0;28231,50;6,668951607116287;2,621454412621226;0193.png
;;1;6328,50;0,000000000000000;0,000000000000000;0193.png
;;2;3920,50;21,297312970647194;7,844525425540121;0193.png
;;0;28404,00;2,000000000000000;0,000000000000000;0194.png
;;1;6462,00;8,021834775295135;3,938435977514013;0194.png
;;2;3698,00;2,000000000000000;0,000000000000000;0194.png
;;0;32210,00;0,000000000000000;0,000000000000000;0195.png
;;1;6490,00;3,651483716701108;2,108185106778920;0195.png
;;2;6244,00;2,000000000000000;0,000000000000000;0195.png
;;0;36149,00;7,692854358576636;2,195447976547944;0196.png
;;1;7279,50;11,367104660192165;7,944002505937019;0196.png
;;2;1346,00;6,081053090682383;2,192240241224574;0196.png
;;0;36516,50;5,571304993630558;2,888801836845615;0197.png
;;1;3409,00;8,262718192749320;3,365768128776532;0197.png
;;2;1333,00;2,000000000000000;0,000000000000000;0197.png
;;0;36337,50;7,016464154456234;2,218800784900917;0198.png
;;1;1585,00;7,589057758596831;2,946482291179910;0198.png
;;2;1303,50;2,000000000000000;0,000000000000000;0198.png
;;0;36243,50;3,464101615137754;2,738612787525831;0199.png
;;1;4063,00;5,632180985491135;1,810673175002079;0199.png
;;2;1319,50;3,829708431025352;1,885618083164126;0199.png
;;0;7973,50;10,157090376400708;2,546465121440701;0200.png
;;1;4938,50;11,672106958832956;3,313176590189856;0200.png
;;2;3554,00;5,294328785763617;2,862220279862641;0200.png
;;0;8535,50;8,260632653342173;2,873286502775329;0201.png
;;1;5619,00;4,569200140512702;2,757246828983345;0201.png
;;2;5282,50;16,611839228682197;8,614294329094879;0201.png
;;0;49980,00;3,236067977499790;1,236067977499790;0202.png
;;1;5449,50;6,031273328889182;1,467771875029620;0202.png
;;2;2127,50;9,747730836154140;3,471553951059190;0202.png
;;0;10718,00;9,259678750271307;3,775021590017869;0203.png
;;1;9577,50;0,000000000000000;0,000000000000000;0203.png
;;2;4450,50;5,181899763382574;4,041201040002321;0203.png
;;0;19936,50;5,966625902333649;3,403949961677047;0204.png
;;1;11704,50;5,274258481434536;1,946056459258261;0204.png
;;2;6382,00;7,900207234783281;3,766527000763157;0204.png
;;0;5261,50;5,485458865381723;2,649689066157795;0205.png
;;1;5099,50;11,998132136793433;5,470692985147307;0205.png
;;2;4805,00;2,309401076758503;1,333333333333333;0205.png
;;0;34773,50;2,000000000000000;0,000000000000000;0206.png
;;1;9440,00;4,849661197520208;1,346892572776387;0206.png
;;2;3168,00;0,000000000000000;0,000000000000000;0206.png
;;0;9470,50;6,710700320565251;3,457478203626612;0207.png
;;1;6549,50;10,572640971952060;3,868283190273260;0207.png
;;2;3843,50;6,396357479416215;3,496056845168861;0207.png
;;0;9653,00;5,387154321216229;2,556193238970183;0208.png
;;1;4157,00;10,923657650716059;8,467228025955881;0208.png
;;2;3725,00;7,500728486931646;2,437858445026118;0208.png
;;0;9690,00;4,507893913753563;2,104493398028036;0209.png
;;1;3893,00;0,000000000000000;0,000000000000000;0209.png
;;2;2486,50;15,913991599861660;4,598079629126084;0209.png
;;0;9487,50;2,000000000000000;0,000000000000000;0210.png
;;1;4739,00;4,381780460041329;2,683281572999748;0210.png
;;2;3669,50;3,885753375057407;2,795442890696132;0210.png
;;0;9526,50;6,384209210407867;1,530984511374916;0211.png
;;1;6209,00;0,000000000000000;0,000000000000000;0211.png
;;2;811,00;3,703280399090206;2,138089935299395;0211.png
;;0;9535,00;3,236067977499790;1,236067977499790;0212.png
;;1;3299,00;2,000000000000000;0,000000000000000;0212.png
;;2;736,50;10,192919949813584;7,728927955488829;0212.png
;;0;34569,00;3,265986323710904;0,000000000000000;0213.png
;;1;9466,50;2,000000000000000;2,000000000000000;0213.png
;;2;1739,50;6,680162195068415;2,775241189486716;0213.png
;;0;9551,50;10,830448837816236;3,962496431726461;0214.png
;;1;4095,00;12,247004507679261;3,468441289463990;0214.png
;;2;822,50;4,000000000000000;1,632993161855452;0214.png
;;0;10418,50;11,014406745993897;2,099354300314411;0215.png
;;1;3355,50;0,000000000000000;0,000000000000000;0215.png
;;2;3173,00;2,000000000000000;0,000000000000000;0215.png
;;0;10304,50;6,627101369021790;3,204532328548040;0216.png
;;1;3788,00;7,617585251569659;3,086737839633284;0216.png
;;2;1988,50;4,155374705678736;1,905471133100374;0216.png
;;0;10334,50;3,829708431025352;1,885618083164127;0217.png
;;1;4412,00;4,155374705678736;1,905471133100374;0217.png
;;2;3810,50;3,098386676965933;1,788854381999832;0217.png
;;0;9655,00;2,309401076758503;1,333333333333333;0218.png
;;1;4131,50;0,000000000000000;0,000000000000000;0218.png
;;2;2793,50;3,464101615137754;1,414213562373095;0218.png
;;0;10346,50;2,000000000000000;0,000000000000000;0219.png
;;1;4816,00;14,826251033555314;7,800217817920441;0219.png
;;2;4512,00;3,265986323710904;0,000000000000000;0219.png
;;0;10350,50;5,828498893991350;2,455320883864594;0220.png
;;1;3548,50;14,345376527609890;4,392563798687921;0220.png
;;2;2139,50;2,000000000000000;0,000000000000000;0220.png
;;0;35389,00;3,236067977499790;1,236067977499790;0221.png
;;1;3944,00;5,656854249492381;2,000000000000000;0221.png
;;2;2639,00;10,445227916559841;4,654608454111301;0221.png
;;0;35332,50;2,309401076758503;1,333333333333333;0222.png
;;1;2614,00;10,792303524137120;4,069919769066040;0222.png
;;2;2432,00;2,309401076758503;1,333333333333333;0222.png
;;0;35336,50;3,265986323710904;0,000000000000000;0223.png
;;1;2504,00;0,000000000000000;0,000000000000000;0223.png
;;2;603,50;7,561825708231479;2,892916343192472;0223.png
;;0;35358,00;3,098386676965933;1,788854381999832;0224.png
;;1;4473,00;13,932877227263024;4,365195547740723;0224.png
;;2;2631,00;6,052283110938236;1,695889732428958;0224.png
;;0;14751,00;2,000000000000000;0,000000000000000;0225.png
;;1;12325,50;5,203549084703927;3,076923076923077;0225.png
;;2;5641,50;4,341695451102850;1,276589444525070;0225.png
;;0;20780,50;5,352486397990519;1,830543460103169;0226.png
;;1;14869,00;5,977430877089948;2,762474770051996;0226.png
;;2;5076,00;3,265986323710904;0,000000000000000;0226.png
;;0;19774,50;8,569787882065235;2,729033628465713;0227.png
;;1;15537,50;3,885753375057407;2,795442890696132;0227.png
;;2;6498,50;0,000000000000000;0,000000000000000;0227.png
;;0;14530,50;11,011177327590751;4,587766631948018;0228.png
;;1;12242,50;8,826618739325886;4,411313922117765;0228.png
;;2;3838,00;4,093338188813543;1,563516060678838;0228.png
;;0;13496,50;6,435761594135788;2,195671355974472;0229.png
;;1;13260,50;2,000000000000000;0,000000000000000;0229.png
;;2;6458,00;26,243083518278532;4,029816803334457;0229.png
;;0;15782,50;35,520698620162037;10,793010445371126;0230.png
;;1;10738,50;2,000000000000000;0,000000000000000;0230.png
;;2;6779,00;8,573588496699179;3,696908709756815;0230.png
;;0;8013,00;3,098386676965933;1,788854381999832;0231.png
;;1;1560,50;4,907725735659753;3,279400065550629;0231.png
;;2;969,00;7,002433018147129;3,440500390564433;0231.png
;;0;8071,50;4,346129984141888;3,067356324605907;0232.png
;;1;1665,00;6,225841936162078;2,548201337364874;0232.png
;;2;684,50;3,098386676965933;1,788854381999832;0232.png
;;0;7935,00;16,019746088712797;3,745988068747113;0233.png
;;1;4755,00;4,155374705678736;1,905471133100374;0233.png
;;2;701,00;10,108520423281465;5,806704302106449;0233.png
;;0;3886,50;4,760952285695234;3,333333333333334;0234.png
;;1;1786,50;9,457523169432955;2,674930933620312;0234.png
;;2;1582,50;3,703280399090206;2,138089935299395;0234.png
;;0;5345,50;2,000000000000000;0,000000000000000;0235.png
;;1;2253,00;8,083227667460221;2,546301768885187;0235.png
;;2;1591,00;2,000000000000000;0,000000000000000;0235.png
;;0;4939,00;6,005851041944772;3,587095379547482;0236.png
;;1;2501,00;0,000000000000000;0,000000000000000;0236.png
;;2;1928,00;5,133805351608395;1,542315301534689;0236.png
;;0;15864,00;2,000000000000000;0,000000000000000;0237.png
;;1;11731,50;0,000000000000000;0,000000000000000;0237.png
;;2;5027,50;4,974602161647367;3,771236166328253;0237.png
;;0;16389,00;0,000000000000000;0,000000000000000;0238.png
;;1;10947,00;3,098386676965933;1,788854381999832;0238.png
;;2;5962,00;7,365715309576835;3,707591937938346;0238.png
;;0;9195,00;12,216377781654826;9,704122266864264;0239.png
;;1;3816,00;4,098780306383840;2,993325909419153;0239.png
;;2;3133,00;0,000000000000000;0,000000000000000;0239.png
;;0;4374,50;0,000000000000000;0,000000000000000;0240.png
;;1;4267,50;10,235740388486256;9,046922471178320;0240.png
;;2;2677,00;0,000000000000000;0,000000000000000;0240.png
;;0;5584,00;4,199929796800163;1,166443184192932;0241.png
;;1;90,50;2,309401076758503;1,333333333333333;0241.png
;;2;42,00;0,000000000000000;0,000000000000000;0241.png
;;0;40,50;2,000000000000000;0,000000000000000;0242.png
;;1;0,00;2,000000000000000;0,000000000000000;0242.png
;;2;;;;0242.png
;;0;;;;0243.png
;;1;;;;0243.png
;;2;;;;0243.png
;;0;6228,50;4,472135954999580;0,000000000000000;0244.png
;;1;65,00;2,000000000000000;0,000000000000000;0244.png
;;2;20,00;2,000000000000000;0,000000000000000;0244.png
;;0;14,00;0,000000000000000;0,000000000000000;0245.png
;;1;1,50;0,000000000000000;0,000000000000000;0245.png
;;2;1,00;3,677088528342677;0,837402040213009;0245.png
;;0;174,50;5,545131758410893;1,302289609229592;0246.png
;;1;17,00;0,000000000000000;0,000000000000000;0246.png
;;2;15,50;7,437129642910139;3,234305021503870;0246.png
;;0;0,00;0,000000000000000;0,000000000000000;0247.png
;;1;;;;0247.png
;;2;;;;0247.png
;;0;23,00;7,469249597079698;1,784801688730437;0248.png
;;1;4,00;4,472135954999580;0,000000000000000;0248.png
;;2;;;;0248.png
;;0;138,50;0,000000000000000;0,000000000000000;0249.png
;;1;14,50;0,000000000000000;0,000000000000000;0249.png
;;2;1,50;0,000000000000000;0,000000000000000;0249.png
;;0;6843,00;3,265986323710904;0,000000000000000;0250.png
;;1;120,50;2,828427124746190;0,000000000000000;0250.png
;;2;84,50;3,265986323710904;0,000000000000000;0250.png
;;0;170,50;3,265986323710904;0,000000000000000;0251.png
;;1;46,50;2,309401076758503;1,333333333333333;0251.png
;;2;13,50;3,265986323710904;0,000000000000000;0251.png
;;0;197,50;6,286993567930923;2,546673555114950;0252.png
;;1;3,50;0,000000000000000;0,000000000000000;0252.png
;;2;;;;0252.png
;;0;44,00;8,823142408582976;2,965065567601758;0253.png
;;1;16,50;3,023715784073818;2,799416848895061;0253.png
;;2;0,00;2,309401076758503;1,333333333333333;0253.png
;;0;6943,00;29,551845418616796;12,778352773786240;0254.png
;;1;125,50;20,611498783218508;8,562113360973942;0254.png
;;2;14,50;3,265986323710904;0,000000000000000;0254.png
;;0;19,50;6,000000000000000;2,913725436338735;0255.png
;;1;;;;0255.png
;;2;;;;0255.png
;;0;5437,00;5,055900530816918;3,137858162210945;0256.png
;;1;274,50;0,000000000000000;0,000000000000000;0256.png
;;2;35,00;2,000000000000000;0,000000000000000;0256.png
;;0;5455,50;5,274258481434536;1,946056459258261;0257.png
;;1;440,50;0,000000000000000;0,000000000000000;0257.png
;;2;272,00;0,000000000000000;0,000000000000000;0257.png
;;0;94,00;2,000000000000000;0,000000000000000;0258.png
;;1;3,50;0,000000000000000;0,000000000000000;0258.png
;;2;0,00;3,829708431025352;1,885618083164127;0258.png
;;0;11,00;2,000000000000000;0,000000000000000;0259.png
;;1;0,00;6,809026973567406;2,100954825160151;0259.png
;;2;;;;0259.png
;;0;;;;0260.png
;;1;;;;0260.png
;;2;;;;0260.png
;;0;31,00;2,000000000000000;0,000000000000000;0261.png
;;1;25,50;15,734955491598154;1,429625384025350;0261.png
;;2;17,00;0,000000000000000;0,000000000000000;0261.png
;;0;46174,50;6,553504018576144;1,208200456800301;0262.png
;;1;12341,00;0,000000000000000;0,000000000000000;0262.png
;;2;6633,50;0,000000000000000;0,000000000000000;0262.png
;;0;6231,00;3,265986323710904;0,000000000000000;0263.png
;;1;1038,00;10,933448336680636;5,985916429623297;0263.png
;;2;73,50;2,309401076758503;1,333333333333333;0263.png
;;0;6527,50;0,000000000000000;0,000000000000000;0264.png
;;1;45,50;3,265986323710904;2,000000000000000;0264.png
;;2;16,00;7,121980778849248;2,822213632186950;0264.png
;;0;20,00;3,829708431025352;1,885618083164126;0265.png
;;1;3,50;2,000000000000000;0,000000000000000;0265.png
;;2;3,00;3,265986323710904;0,000000000000000;0265.png
;;0;3498,00;2,309401076758503;1,333333333333333;0266.png
;;1;38,00;3,265986323710904;2,000000000000000;0266.png
;;2;35,00;15,749065378024037;12,722567977841724;0266.png
;;0;381,50;2,309401076758503;1,333333333333333;0267.png
;;1;269,50;2,000000000000000;0,000000000000000;0267.png
;;2;84,00;3,265986323710904;0,000000000000000;0267.png
;;0;1797,50;3,265986323710904;0,000000000000000;0268.png
;;1;124,00;0,000000000000000;0,000000000000000;0268.png
;;2;37,00;2,000000000000000;0,000000000000000;0268.png
;;0;6097,00;2,000000000000000;0,000000000000000;0269.png
;;1;341,50;4,155374705678736;1,905471133100374;0269.png
;;2;259,00;3,098386676965933;1,788854381999832;0269.png
;;0;250,50;3,265986323710904;0,000000000000000;0270.png
;;1;141,50;5,002746756567530;1,443480516239889;0270.png
;;2;101,00;4,363338213437162;1,655009792399060;0270.png
;;0;203,50;0,000000000000000;0,000000000000000;0271.png
;;1;22,50;8,500654375270280;1,550980934397611;0271.png
;;2;17,00;7,446660303508690;2,532571221271879;0271.png
;;0;;;;0272.png
;;1;;;;0272.png
;;2;;;;0272.png
;;0;858,00;0,000000000000000;0,000000000000000;0273.png
;;1;25,50;9,168565393472077;3,770939869687354;0273.png
;;2;11,00;7,720428875943968;2,613900910801815;0273.png
;;0;168,00;2,000000000000000;0,000000000000000;0274.png
;;1;19,50;2,309401076758503;1,333333333333333;0274.png
;;2;12,00;2,828427124746190;0,000000000000000;0274.png
;;0;18,50;0,000000000000000;0,000000000000000;0275.png
;;1;8,00;6,749310651752260;1,975183834656648;0275.png
;;2;6,00;6,011486661777879;1,280549059210314;0275.png
;;0;172,50;4,743365517193277;1,349252967497849;0276.png
;;1;161,00;7,000091071529563;1,904422265109768;0276.png
;;2;18,00;5,236067977499790;0,763932022500210;0276.png
;;0;304,00;3,098386676965933;1,788854381999832;0277.png
;;1;22,50;2,309401076758503;1,333333333333333;0277.png
;;2;7,00;4,155374705678736;1,905471133100374;0277.png
;;0;2,50;2,309401076758503;1,333333333333333;0278.png
;;1;;;;0278.png
;;2;;;;0278.png
;;0;45872,00;2,000000000000000;0,000000000000000;0279.png
;;1;18229,00;5,656854249492381;2,000000000000000;0279.png
;;2;14140,50;0,000000000000000;0,000000000000000;0279.png
;;0;;;;0280.png
;;1;;;;0280.png
;;2;;;;0280.png
;;0;;;;0281.png
;;1;;;;0281.png
;;2;;;;0281.png
;;0;169,00;2,309401076758503;1,333333333333333;0282.png
;;1;94,50;4,000000000000000;2,828427124746190;0282.png
;;2;1,00;3,265986323710904;0,000000000000000;0282.png
;;0;33,00;3,265986323710904;0,000000000000000;0283.png
;;1;4,00;0,000000000000000;0,000000000000000;0283.png
;;2;0,00;3,236067977499790;1,236067977499790;0283.png
;;0;240,00;2,309401076758503;1,333333333333333;0284.png
;;1;18,50;3,265986323710904;0,000000000000000;0284.png
;;2;11,00;3,265986323710904;0,000000000000000;0284.png
;;0;6,50;4,472135954999580;0,000000000000000;0285.png
;;1;3,50;4,276179870598790;2,285714285714286;0285.png
;;2;0,00;5,274258481434536;1,946056459258261;0285.png
;;0;0,00;5,236067977499790;0,763932022500210;0286.png
;;1;;;;0286.png
;;2;;;;0286.png
;;0;5,00;3,098386676965933;1,788854381999832;0287.png
;;1;0,00;9,949844043367323;2,347402565289248;0287.png
;;2;;;;0287.png
;;0;;;;0288.png
;;1;;;;0288.png
;;2;;;;0288.png
;;0;;;;0289.png
;;1;;;;0289.png
;;2;;;;0289.png
;;0;22,00;8,196221964871601;1,712616890512122;0290.png
;;1;3,50;8,710343461881033;1,737471054422274;0290.png
;;2;0,00;14,939060832996420;2,143141728713844;0290.png
;;0;;;;0291.png
;;1;;;;0291.png
;;2;;;;0291.png
;;0;0,00;2,000000000000000;0,000000000000000;0292.png
;;1;0,00;2,000000000000000;0,000000000000000;0292.png
;;2;;;;0292.png
;;0;18,50;3,265986323710904;0,000000000000000;0293.png
;;1;8,50;3,265986323710904;0,000000000000000;0293.png
;;2;3,00;2,309401076758503;1,333333333333333;0293.png
;;0;;;;0294.png
;;1;;;;0294.png
;;2;;;;0294.png
;;0;84,00;4,341695451102850;1,276589444525070;0295.png
;;1;0,00;2,000000000000000;2,000000000000000;0295.png
;;2;0,00;4,472135954999580;0,000000000000000;0295.png
;;0;306,00;2,000000000000000;0,000000000000000;0296.png
;;1;73,00;3,098386676965933;1,788854381999832;0296.png
;;2;33,00;3,335641688875783;2,057545752452159;0296.png
;;0;176,00;4,680205767201096;1,046744465787899;0297.png
;;1;4,00;0,000000000000000;0,000000000000000;0297.png
;;2;0,00;0,000000000000000;0,000000000000000;0297.png
;;0;98,00;0,000000000000000;0,000000000000000;0298.png
;;1;32,50;0,000000000000000;0,000000000000000;0298.png
;;2;3,00;0,000000000000000;0,000000000000000;0298.png
;;0;;;;0299.png
;;1;;;;0299.png
;;2;;;;0299.png
;;0;11,00;0,000000000000000;0,000000000000000;0300.png
;;1;1,00;7,223422250838757;1,171832494109465;0300.png
;;2;;;;0300.png
;;0;;;;0301.png
;;1;;;;0301.png
;;2;;;;0301.png
;;0;;;;0302.png
;;1;;;;0302.png
;;2;;;;0302.png
;;0;;;;0303.png
;;1;;;;0303.png
;;2;;;;0303.png
;;0;;;;0304.png
;;1;;;;0304.png
;;2;;;;0304.png
;;0;375,50;0,000000000000000;0,000000000000000;0305.png
;;1;273,50;0,000000000000000;0,000000000000000;0305.png
;;2;177,00;3,464101615137754;1,414213562373095;0305.png
;;0;572,50;0,000000000000000;0,000000000000000;0306.png
;;1;374,50;2,000000000000000;0,000000000000000;0306.png
;;2;176,00;4,828427124746190;0,828427124746190;0306.png
;;0;0,00;2,000000000000000;0,000000000000000;0307.png
;;1;;;;0307.png
;;2;;;;0307.png
;;0;16,00;2,000000000000000;0,000000000000000;0308.png
;;1;2,00;2,828427124746190;0,000000000000000;0308.png
;;2;0,00;2,000000000000000;0,000000000000000;0308.png
;;0;682,00;3,829708431025352;1,885618083164127;0309.png
;;1;31,50;0,000000000000000;0,000000000000000;0309.png
;;2;17,50;2,000000000000000;0,000000000000000;0309.png
;;0;127,00;4,093338188813542;1,563516060678839;0310.png
;;1;32,50;4,998256361175405;3,182537424615885;0310.png
;;2;7,50;0,000000000000000;0,000000000000000;0310.png
;;0;59,00;3,126943839882286;2,309401076758503;0311.png
;;1;;;;0311.png
;;2;;;;0311.png
;;0;588,50;8,812248256824539;1,164743035654325;0312.png
;;1;100,00;4,952443034793325;2,344781300068680;0312.png
;;2;13,00;8,163059172152348;2,044757442651010;0312.png
;;0;255,50;0,000000000000000;0,000000000000000;0313.png
;;1;7,50;6,604982029698524;2,734273798229815;0313.png
;;2;7,50;5,449353665897314;3,145851452097728;0313.png
;;0;;;;0314.png
;;1;;;;0314.png
;;2;;;;0314.png
;;0;312,00;2,000000000000000;0,000000000000000;0315.png
;;1;282,50;3,098386676965933;1,788854381999832;0315.png
;;2;156,50;7,492235046858282;3,090408472830782;0315.png
;;0;589,00;0,000000000000000;0,000000000000000;0316.png
;;1;532,50;5,656854249492381;0,000000000000000;0316.png
;;2;441,00;2,000000000000000;0,000000000000000;0316.png
;;0;;;;0317.png
;;1;;;;0317.png
;;2;;;;0317.png
;;0;;;;0318.png
;;1;;;;0318.png
;;2;;;;0318.png
;;0;236,50;2,000000000000000;0,000000000000000;0319.png
;;1;229,00;5,055959348388900;2,688989307749465;0319.png
;;2;208,50;6,552157585809402;2,280671474736990;0319.png
;;0;0,00;3,236067977499790;1,236067977499790;0320.png
;;1;;;;0320.png
;;2;;;;0320.png
;;0;567,00;2,000000000000000;0,000000000000000;0321.png
;;1;32,00;2,000000000000000;2,000000000000000;0321.png
;;2;20,00;0,000000000000000;0,000000000000000;0321.png
;;0;34,50;2,000000000000000;0,000000000000000;0322.png
;;1;14,50;6,152778893515517;3,059589787093647;0322.png
;;2;10,50;2,000000000000000;0,000000000000000;0322.png
;;0;375,00;5,896459480240757;1,342830655483958;0323.png
;;1;24,00;12,552840112298991;2,266483822291766;0323.png
;;2;22,00;3,098386676965933;1,788854381999832;0323.png
;;0;227,50;2,000000000000000;0,000000000000000;0324.png
;;1;11,50;5,981296510746452;3,903387980914102;0324.png
;;2;11,00;2,000000000000000;0,000000000000000;0324.png
;;0;302,50;2,000000000000000;0,000000000000000;0325.png
;;1;81,00;7,449252569511974;3,065538296043312;0325.png
;;2;13,00;2,000000000000000;0,000000000000000;0325.png
;;0;28,00;3,265986323710904;0,000000000000000;0326.png
;;1;;;;0326.png
;;2;;;;0326.png
;;0;952,50;2,828427124746190;1,732050807568877;0327.png
;;1;0,00;2,000000000000000;2,000000000000000;0327.png
;;2;0,00;5,274258481434536;1,946056459258261;0327.png
;;0;0,50;3,098386676965933;1,788854381999832;0328.png
;;1;;;;0328.png
;;2;;;;0328.png
;;0;;;;0329.png
;;1;;;;0329.png
;;2;;;;0329.png
;;0;487,00;6,825641401682367;4,696233638283426;0330.png
;;1;181,50;2,000000000000000;0,000000000000000;0330.png
;;2;21,00;0,000000000000000;0,000000000000000;0330.png
;;0;1035,00;10,508125960396756;1,498651215961350;0331.png
;;1;438,00;4,155374705678736;1,905471133100374;0331.png
;;2;175,50;0,000000000000000;0,000000000000000;0331.png
;;0;241,50;3,265986323710904;0,000000000000000;0332.png
;;1;187,50;11,279393864976262;1,663245366699389;0332.png
;;2;179,00;3,265986323710904;0,000000000000000;0332.png
;;0;231,00;4,346129984141888;3,067356324605906;0333.png
;;1;170,50;2,828427124746190;0,000000000000000;0333.png
;;2;159,50;4,828427124746190;0,828427124746190;0333.png
;;0;191,00;2,000000000000000;0,000000000000000;0334.png
;;1;92,00;7,000091071529563;1,904422265109768;0334.png
;;2;89,00;3,265986323710904;0,000000000000000;0334.png
;;0;898,50;0,000000000000000;0,000000000000000;0335.png
;;1;25,50;0,000000000000000;0,000000000000000;0335.png
;;2;22,50;3,098386676965933;1,788854381999832;0335.png
;;0;18,00;9,127561632709307;1,740923291637287;0336.png
;;1;5,00;0,000000000000000;0,000000000000000;0336.png
;;2;0,00;8,413863038192350;1,902921427167335;0336.png
;;0;1045,00;2,000000000000000;0,000000000000000;0337.png
;;1;;;;0337.png
;;2;;;;0337.png
;;0;12,50;4,363338213437162;1,655009792399060;0338.png
;;1;9,50;3,098386676965933;1,788854381999832;0338.png
;;2;1,50;0,000000000000000;0,000000000000000;0338.png
;;0;27,00;3,265986323710904;0,000000000000000;0339.png
;;1;24,00;3,677088528342677;0,837402040213009;0339.png
;;2;1,00;0,000000000000000;0,000000000000000;0339.png
;;0;227,50;0,000000000000000;0,000000000000000;0340.png
;;1;2,00;2,000000000000000;0,000000000000000;0340.png
;;2;1,00;0,000000000000000;0,000000000000000;0340.png
;;0;1025,00;4,472135954999580;0,000000000000000;0341.png
;;1;446,00;2,309401076758503;1,333333333333333;0341.png
;;2;214,00;3,265986323710904;0,000000000000000;0341.png
;;0;12363,00;2,828427124746190;0,000000000000000;0342.png
;;1;7829,00;3,265986323710904;0,000000000000000;0342.png
;;2;407,00;2,000000000000000;0,000000000000000;0342.png
;;0;209,50;2,000000000000000;0,000000000000000;0343.png
;;1;2,00;0,000000000000000;0,000000000000000;0343.png
;;2;1,00;0,000000000000000;0,000000000000000;0343.png
;;0;95,50;8,756966847247613;2,704723948244296;0344.png
;;1;4,00;3,265986323710904;0,000000000000000;0344.png
;;2;0,00;6,083940259920700;4,051884707040434;0344.png
;;0;965,50;9,468471150628201;3,215663638045578;0345.png
;;1;;;;0345.png
;;2;;;;0345.png
;;0;;;;0346.png
;;1;;;;0346.png
;;2;;;;0346.png
;;0;718,00;3,265986323710904;0,000000000000000;0347.png
;;1;16,00;8,606577810239399;2,382607478435089;0347.png
;;2;;;;0347.png
;;0;;;;0348.png
;;1;;;;0348.png
;;2;;;;0348.png
;;0;;;;0349.png
;;1;;;;0349.png
;;2;;;;0349.png
;;0;;;;0350.png
;;1;;;;0350.png
;;2;;;;0350.png
;;0;18,00;4,472135954999580;0,000000000000000;0351.png
;;1;;;;0351.png
;;2;;;;0351.png
;;0;112,50;0,000000000000000;0,000000000000000;0352.png
;;1;;;;0352.png
;;2;;;;0352.png
;;0;5,00;16,424032499775610;1,878545773754877;0353.png
;;1;0,00;16,152672336420139;1,804949600103630;0353.png
;;2;;;;0353.png
;;0;61,00;2,000000000000000;0,000000000000000;0354.png
;;1;18,50;0,000000000000000;0,000000000000000;0354.png
;;2;12,00;9,233418529888885;2,203427639614175;0354.png
;;0;449,50;4,828427124746190;0,828427124746190;0355.png
;;1;113,50;11,451016770113162;1,555918248897995;0355.png
;;2;14,50;8,974738099370164;3,230059147579650;0355.png
;;0;6,00;0,000000000000000;0,000000000000000;0356.png
;;1;0,00;6,831300510639732;0,000000000000000;0356.png
;;2;0,00;9,484106572073392;1,787338712279081;0356.png
;;0;;;;0357.png
;;1;;;;0357.png
;;2;;;;0357.png
;;0;;;;0358.png
;;1;;;;0358.png
;;2;;;;0358.png
;;0;7,50;2,000000000000000;0,000000000000000;0359.png
;;1;;;;0359.png
;;2;;;;0359.png
;;0;;;;0360.png
;;1;;;;0360.png
;;2;;;;0360.png
;;0;818,50;2,000000000000000;0,000000000000000;0361.png
;;1;104,50;2,000000000000000;0,000000000000000;0361.png
;;2;102,00;2,000000000000000;0,000000000000000;0361.png
;;0;375,00;4,938611747647210;1,649613626614452;0362.png
;;1;;;;0362.png
;;2;;;;0362.png
;;0;970,50;3,098386676965933;1,788854381999832;0363.png
;;1;1,50;2,000000000000000;0,000000000000000;0363.png
;;2;0,00;11,229010967616707;3,572768071143757;0363.png
;;0;;;;0364.png
;;1;;;;0364.png
;;2;;;;0364.png
;;0;0,00;7,981016330987104;2,226306256786550;0365.png
;;1;;;;0365.png
;;2;;;;0365.png
;;0;;;;0366.png
;;1;;;;0366.png
;;2;;;;0366.png
;;0;964,50;15,997433810077338;1,685075994341789;0367.png
;;1;13,00;4,381780460041329;2,683281572999748;0367.png
;;2;;;;0367.png
;;0;;;;0368.png
;;1;;;;0368.png
;;2;;;;0368.png
;;0;904,50;4,346129984141888;3,067356324605906;0369.png
;;1;0,00;5,991001117308387;2,316053531228736;0369.png
;;2;;;;0369.png
;;0;64,50;11,727755468091051;4,890151208414139;0370.png
;;1;22,50;3,464101615137754;1,414213562373095;0370.png
;;2;7,00;11,492294963754727;3,279302232598333;0370.png
;;0;882,00;2,828427124746190;1,732050807568877;0371.png
;;1;101,50;22,344000497283918;1,744392999842437;0371.png
;;2;90,50;3,265986323710904;0,000000000000000;0371.png
;;0;14,50;12,206098938165288;2,321920326147391;0372.png
;;1;9,00;5,274258481434536;1,946056459258261;0372.png
;;2;9,00;0,000000000000000;0,000000000000000;0372.png
;;0;956,00;8,123640873487503;2,441131229675432;0373.png
;;1;38,50;4,472135954999580;0,000000000000000;0373.png
;;2;13,00;11,775468177861931;1,601566688848044;0373.png
;;0;957,00;4,093338188813542;1,563516060678838;0374.png
;;1;19,00;5,773310864755170;1,108549348878932;0374.png
;;2;0,00;12,785178017375651;1,814813578175451;0374.png
;;0;15,50;7,301306552276451;3,146553538857213;0375.png
;;1;0,00;8,261297173761164;1,936741853424405;0375.png
;;2;0,00;0,000000000000000;0,000000000000000;0375.png
;;0;921,50;6,293163499599471;3,189650599217213;0376.png
;;1;;;;0376.png
;;2;;;;0376.png
;;0;;;;0377.png
;;1;;;;0377.png
;;2;;;;0377.png
;;0;12,00;5,485458865381723;2,649689066157795;0378.png
;;1;;;;0378.png
;;2;;;;0378.png
;;0;;;;0379.png
;;1;;;;0379.png
;;2;;;;0379.png
;;0;;;;0380.png
;;1;;;;0380.png
;;2;;;;0380.png
;;0;;;;0381.png
;;1;;;;0381.png
;;2;;;;0381.png
;;0;914,00;0,000000000000000;0,000000000000000;0382.png
;;1;116,00;4,000000000000000;1,632993161855452;0382.png
;;2;23,00;2,000000000000000;0,000000000000000;0382.png
;;0;1062,50;2,000000000000000;0,000000000000000;0383.png
;;1;974,50;6,374166953637013;3,024528628553486;0383.png
;;2;123,50;11,771769368000733;1,671626404280735;0383.png
;;0;982,50;10,037823294578127;2,284165525700803;0384.png
;;1;60,00;5,722062231348572;1,898336859706381;0384.png
;;2;35,00;2,309401076758503;1,333333333333333;0384.png
;;0;328,00;5,283365896051478;2,384542892975540;0385.png
;;1;47,00;6,343898075098332;1,853363756191339;0385.png
;;2;19,50;13,896792040864364;4,158785580380539;0385.png
;;0;1006,50;3,098386676965933;1,788854381999832;0386.png
;;1;6,00;4,093338188813542;1,563516060678838;0386.png
;;2;2,50;0,000000000000000;0,000000000000000;0386.png
;;0;1205,00;4,680205767201096;1,046744465787899;0387.png
;;1;919,00;31,153373248190903;4,048594449497799;0387.png
;;2;663,50;6,204045653994718;2,148780011931926;0387.png
;;0;2344,00;2,000000000000000;0,000000000000000;0388.png
;;1;805,50;4,155374705678736;1,905471133100374;0388.png
;;2;129,00;2,000000000000000;0,000000000000000;0388.png
;;0;419,00;3,919183588453085;3,098386676965934;0389.png
;;1;126,50;13,934676878242866;11,792909487622685;0389.png
;;2;113,00;8,675842836506481;3,743487904818597;0389.png
;;0;398,50;3,651483716701108;2,108185106778920;0390.png
;;1;;;;0390.png
;;2;;;;0390.png
;;0;2,00;2,000000000000000;0,000000000000000;0391.png
;;1;0,00;2,000000000000000;0,000000000000000;0391.png
;;2;0,00;4,155374705678736;1,905471133100374;0391.png
;;0;950,00;9,305867919074471;2,374050629280605;0392.png
;;1;52,00;3,677088528342677;0,837402040213009;0392.png
;;2;3,00;3,265986323710904;0,000000000000000;0392.png
;;0;;;;0393.png
;;1;;;;0393.png
;;2;;;;0393.png
;;0;;;;0394.png
;;1;;;;0394.png
;;2;;;;0394.png
;;0;;;;0395.png
;;1;;;;0395.png
;;2;;;;0395.png
;;0;4,50;2,000000000000000;0,000000000000000;0396.png
;;1;;;;0396.png
;;2;;;;0396.png
;;0;9,00;3,885753375057407;2,795442890696132;0397.png
;;1;6,00;3,265986323710904;0,000000000000000;0397.png
;;2;;;;0397.png
;;0;90,00;5,656854249492381;0,000000000000000;0398.png
;;1;32,00;4,472135954999580;0,000000000000000;0398.png
;;2;3,00;5,366563145999495;2,190890230020665;0398.png
;;0;245,00;5,404236119112784;1,208676398190789;0399.png
;;1;95,00;10,327955589886445;0,000000000000000;0399.png
;;2;;;;0399.png
;;0;232,50;3,265986323710904;0,000000000000000;0400.png
;;1;1,00;3,265986323710904;0,000000000000000;0400.png
;;2;0,00;4,341695451102850;1,276589444525070;0400.png
;;0;;;;0401.png
;;1;;;;0401.png
;;2;;;;0401.png
;;0;;;;0402.png
;;1;;;;0402.png
;;2;;;;0402.png
;;0;0,00;6,653672875409969;2,814994284645921;0403.png
;;1;;;;0403.png
;;2;;;;0403.png
;;0;212,50;4,363338213437162;1,655009792399060;0404.png
;;1;42,00;2,309401076758503;1,333333333333333;0404.png
;;2;1,50;2,000000000000000;0,000000000000000;0404.png
;;0;14154,50;0,000000000000000;0,000000000000000;0405.png
;;1;4,00;0,000000000000000;0,000000000000000;0405.png
;;2;;;;0405.png
;;0;;;;0406.png
;;1;;;;0406.png
;;2;;;;0406.png
;;0;;;;0407.png
;;1;;;;0407.png
;;2;;;;0407.png
;;0;;;;0408.png
;;1;;;;0408.png
;;2;;;;0408.png
;;0;;;;0409.png
;;1;;;;0409.png
;;2;;;;0409.png
;;0;16,50;6,343898075098332;1,853363756191339;0410.png
;;1;8,00;2,000000000000000;0,000000000000000;0410.png
;;2;;;;0410.png
;;0;101,50;0,000000000000000;0,000000000000000;0411.png
;;1;3,50;4,155374705678736;1,905471133100374;0411.png
;;2;;;;0411.png
;;0;24,00;2,000000000000000;2,000000000000000;0412.png
;;1;4,00;0,000000000000000;0,000000000000000;0412.png
;;2;3,00;0,000000000000000;0,000000000000000;0412.png
;;0;8,00;5,545131758410893;1,302289609229592;0413.png
;;1;1,00;4,507893913753563;2,104493398028036;0413.png
;;2;1,00;0,000000000000000;0,000000000000000;0413.png
;;0;;;;0414.png
;;1;;;;0414.png
;;2;;;;0414.png
;;0;3,00;2,309401076758503;1,333333333333333;0415.png
;;1;1,00;0,000000000000000;0,000000000000000;0415.png
;;2;0,00;2,309401076758503;1,333333333333333;0415.png
;;0;14112,00;0,000000000000000;0,000000000000000;0416.png
;;1;3585,00;2,309401076758503;1,333333333333333;0416.png
;;2;14,00;0,000000000000000;0,000000000000000;0416.png
;;0;616,00;2,828427124746190;0,000000000000000;0417.png
;;1;160,50;2,828427124746190;0,000000000000000;0417.png
;;2;8,50;0,000000000000000;0,000000000000000;0417.png
;;0;323,50;2,000000000000000;0,000000000000000;0418.png
;;1;163,50;2,000000000000000;0,000000000000000;0418.png
;;2;23,50;2,000000000000000;0,000000000000000;0418.png
;;0;;;;0419.png
;;1;;;;0419.png
;;2;;;;0419.png
;;0;;;;0420.png
;;1;;;;0420.png
;;2;;;;0420.png
;;0;1,00;0,000000000000000;0,000000000000000;0421.png
;;1;0,00;0,000000000000000;0,000000000000000;0421.png
;;2;;;;0421.png
;;0;;;;0422.png
;;1;;;;0422.png
;;2;;;;0422.png
;;0;;;;0423.png
;;1;;;;0423.png
;;2;;;;0423.png
;;0;;;;0424.png
;;1;;;;0424.png
;;2;;;;0424.png
;;0;123,50;4,796702691401646;1,764679084109074;0425.png
;;1;4,00;2,309401076758503;1,333333333333333;0425.png
;;2;2,50;2,000000000000000;0,000000000000000;0425.png
;;0;136,50;8,509998766984044;3,082664996437514;0426.png
;;1;;;;0426.png
;;2;;;;0426.png
;;0;;;;0427.png
;;1;;;;0427.png
;;2;;;;0427.png
;;0;;;;0428.png
;;1;;;;0428.png
;;2;;;;0428.png
;;0;134,50;3,098386676965933;1,788854381999832;0429.png
;;1;0,00;0,000000000000000;0,000000000000000;0429.png
;;2;;;;0429.png
;;0;129,00;0,000000000000000;0,000000000000000;0430.png
;;1;;;;0430.png
;;2;;;;0430.png
;;0;156,00;4,472135954999580;0,000000000000000;0431.png
;;1;136,50;5,656854249492381;0,000000000000000;0431.png
;;2;91,00;3,265986323710904;0,000000000000000;0431.png
;;0;176,50;9,250615283493023;3,567182869630815;0432.png
;;1;6,00;20,675417284007384;17,710981217012193;0432.png
;;2;;;;0432.png
;;0;689,50;6,286993567930923;2,546673555114950;0433.png
;;1;106,00;4,898979485566356;2,000000000000000;0433.png
;;2;6,50;3,265986323710904;0,000000000000000;0433.png
;;0;166,50;6,075474289136743;2,649076489057768;0434.png
;;1;2,00;8,042650797235746;1,811825130216367;0434.png
;;2;;;;0434.png
;;0;173,00;0,000000000000000;0,000000000000000;0435.png
;;1;168,00;0,000000000000000;0,000000000000000;0435.png
;;2;;;;0435.png
;;0;159,00;35,164624899848683;12,103950631669626;0436.png
;;1;140,50;4,363338213437162;1,655009792399060;0436.png
;;2;108,50;3,265986323710904;0,000000000000000;0436.png
;;0;149,50;0,000000000000000;0,000000000000000;0437.png
;;1;116,00;7,684456785785835;1,596597603464962;0437.png
;;2;84,00;0,000000000000000;0,000000000000000;0437.png
;;0;168,00;0,000000000000000;0,000000000000000;0438.png
;;1;133,00;0,000000000000000;0,000000000000000;0438.png
;;2;2,00;5,133805351608394;1,542315301534688;0438.png
;;0;153,50;4,000000000000000;1,632993161855452;0439.png
;;1;45,50;4,363338213437162;1,655009792399060;0439.png
;;2;;;;0439.png
;;0;3,00;4,796702691401646;1,764679084109074;0440.png
;;1;;;;0440.png
;;2;;;;0440.png
;;0;4,00;4,472135954999580;0,000000000000000;0441.png
;;1;3,00;2,000000000000000;0,000000000000000;0441.png
;;2;2,00;5,720932084886622;2,425387871670981;0441.png
;;0;;;;0442.png
;;1;;;;0442.png
;;2;;;;0442.png
;;0;63,50;0,000000000000000;0,000000000000000;0443.png
;;1;;;;0443.png
;;2;;;;0443.png
;;0;75,50;5,444424563872507;2,253495322449476;0444.png
;;1;;;;0444.png
;;2;;;;0444.png
;;0;0,00;5,773310864755170;1,108549348878932;0445.png
;;1;;;;0445.png
;;2;;;;0445.png
;;0;93,50;4,363338213437162;1,655009792399060;0446.png
;;1;16,00;10,144423098965683;8,977632203937265;0446.png
;;2;6,00;3,126943839882286;2,309401076758503;0446.png
;;0;;;;0447.png
;;1;;;;0447.png
;;2;;;;0447.png
;;0;326,00;2,309401076758503;1,333333333333333;0448.png
;;1;89,00;2,828427124746190;0,000000000000000;0448.png
;;2;19,50;6,970329345111184;2,729480605580016;0448.png
;;0;7,50;7,011524071160396;1,029928357586368;0449.png
;;1;;;;0449.png
;;2;;;;0449.png
;;0;33,00;2,828427124746190;0,000000000000000;0450.png
;;1;5,50;0,000000000000000;0,000000000000000;0450.png
;;2;1,00;0,000000000000000;0,000000000000000;0450.png
;;0;2673,00;2,000000000000000;0,000000000000000;0451.png
;;1;881,00;0,000000000000000;0,000000000000000;0451.png
;;2;132,00;3,265986323710904;0,000000000000000;0451.png
;;0;179,50;12,596903449116704;5,084711919335328;0452.png
;;1;;;;0452.png
;;2;;;;0452.png
;;0;44,50;2,000000000000000;0,000000000000000;0453.png
;;1;13,50;10,147022831491457;3,001691169892949;0453.png
;;2;0,00;2,000000000000000;0,000000000000000;0453.png
;;0;2594,00;8,701579641278252;1,981654912172219;0454.png
;;1;782,50;3,677088528342677;0,837402040213009;0454.png
;;2;224,00;3,265986323710904;0,000000000000000;0454.png
;;0;;;;0455.png
;;1;;;;0455.png
;;2;;;;0455.png
;;0;26,00;3,265986323710904;0,000000000000000;0456.png
;;1;8,00;0,000000000000000;0,000000000000000;0456.png
;;2;5,50;2,309401076758503;1,333333333333333;0456.png
;;0;40,50;12,610883186153533;2,319806949339400;0457.png
;;1;;;;0457.png
;;2;;;;0457.png
;;0;83,50;3,265986323710904;0,000000000000000;0458.png
;;1;30,50;2,309401076758503;1,333333333333333;0458.png
;;2;12,00;7,743242705648142;1,954474399731193;0458.png
;;0;;;;0459.png
;;1;;;;0459.png
;;2;;;;0459.png
;;0;6,00;0,000000000000000;0,000000000000000;0460.png
;;1;2,00;0,000000000000000;0,000000000000000;0460.png
;;2;1,00;0,000000000000000;0,000000000000000;0460.png
;;0;2807,00;3,265986323710904;0,000000000000000;0461.png
;;1;265,00;8,328526112740096;3,653272039016428;0461.png
;;2;22,00;0,000000000000000;0,000000000000000;0461.png
;;0;3,50;0,000000000000000;0,000000000000000;0462.png
;;1;1,00;4,472135954999580;0,000000000000000;0462.png
;;2;;;;0462.png
;;0;39,00;5,656854249492381;0,000000000000000;0463.png
;;1;26,00;3,265986323710904;0,000000000000000;0463.png
;;2;21,50;11,369294356989640;1,924353071499899;0463.png
;;0;2811,50;2,000000000000000;0,000000000000000;0464.png
;;1;211,00;7,029182016525056;1,609534149547859;0464.png
;;2;22,50;2,000000000000000;0,000000000000000;0464.png
;;0;;;;0465.png
;;1;;;;0465.png
;;2;;;;0465.png
;;0;519,00;8,000000000000000;0,000000000000000;0466.png
;;1;420,00;9,575194664791034;1,860729372591286;0466.png
;;2;7,00;2,309401076758503;1,333333333333333;0466.png
;;0;;;;0467.png
;;1;;;;0467.png
;;2;;;;0467.png
;;0;;;;0468.png
;;1;;;;0468.png
;;2;;;;0468.png
;;0;;;;0469.png
;;1;;;;0469.png
;;2;;;;0469.png
;;0;56,00;9,769577999020608;2,729243440467281;0470.png
;;1;;;;0470.png
;;2;;;;0470.png
;;0;1807,50;3,236067977499790;1,236067977499790;0471.png
;;1;602,00;3,098386676965933;1,788854381999832;0471.png
;;2;287,00;6,780019934022160;1,305679547981528;0471.png
;;0;34,00;2,000000000000000;0,000000000000000;0472.png
;;1;10,50;2,000000000000000;0,000000000000000;0472.png
;;2;0,00;2,000000000000000;0,000000000000000;0472.png
;;0;460,00;13,860283500701499;3,236067538991804;0473.png
;;1;35,00;7,677942896641109;4,104270225722011;0473.png
;;2;4,00;4,341695451102850;1,276589444525070;0473.png
;;0;478,00;12,183721972578796;1,885979558452495;0474.png
;;1;25,00;2,000000000000000;0,000000000000000;0474.png
;;2;8,00;4,507893913753563;2,104493398028036;0474.png
;;0;538,00;9,565904485341061;3,069053797515205;0475.png
;;1;91,00;3,098386676965933;1,788854381999832;0475.png
;;2;22,00;5,656854249492381;0,000000000000000;0475.png
;;0;;;;0476.png
;;1;;;;0476.png
;;2;;;;0476.png
;;0;;;;0477.png
;;1;;;;0477.png
;;2;;;;0477.png
;;0;;;;0478.png
;;1;;;;0478.png
;;2;;;;0478.png
;;0;;;;0479.png
;;1;;;;0479.png
;;2;;;;0479.png
;;0;;;;0480.png
;;1;;;;0480.png
;;2;;;;0480.png
;;0;6851,50;5,996600689228226;3,387961064408440;0481.png
;;1;151,50;0,000000000000000;0,000000000000000;0481.png
;;2;71,00;8,749509438245830;4,970745096287813;0481.png
;;0;6657,50;2,000000000000000;2,000000000000000;0482.png
;;1;139,00;5,274258481434536;1,946056459258261;0482.png
;;2;131,00;2,000000000000000;0,000000000000000;0482.png
;;0;8566,50;9,922945802442454;4,827067298117472;0483.png
;;1;494,00;2,000000000000000;2,000000000000000;0483.png
;;2;268,00;3,265986323710904;2,000000000000000;0483.png
;;0;1235,00;2,309401076758503;1,333333333333333;0484.png
;;1;301,50;5,321869122843981;1,782612980800892;0484.png
;;2;204,00;4,346129984141888;3,067356324605906;0484.png
;;0;89,50;4,000000000000000;1,632993161855452;0485.png
;;1;46,50;3,885753375057407;2,795442890696132;0485.png
;;2;46,50;4,976979969245306;1,797128372078910;0485.png
;;0;182,00;2,000000000000000;0,000000000000000;0486.png
;;1;76,50;2,000000000000000;0,000000000000000;0486.png
;;2;70,50;3,098386676965933;1,788854381999832;0486.png
;;0;188,00;0,000000000000000;0,000000000000000;0487.png
;;1;72,50;6,366269644280173;1,490171405012457;0487.png
;;2;61,50;2,000000000000000;0,000000000000000;0487.png
;;0;36,00;3,236067977499790;1,236067977499790;0488.png
;;1;32,00;4,472135954999580;0,000000000000000;0488.png
;;2;25,50;0,000000000000000;0,000000000000000;0488.png
;;0;4262,50;2,309401076758503;1,333333333333333;0489.png
;;1;1090,00;2,309401076758503;1,333333333333333;0489.png
;;2;288,00;2,828427124746190;1,732050807568877;0489.png
;;0;7291,00;4,418071998329191;3,371873174730685;0490.png
;;1;151,00;10,763727405240196;4,360986746543992;0490.png
;;2;87,00;0,000000000000000;0,000000000000000;0490.png
;;0;51,00;2,000000000000000;0,000000000000000;0491.png
;;1;46,00;3,098386676965933;1,788854381999832;0491.png
;;2;38,50;2,828427124746190;1,732050807568877;0491.png
;;0;3009,50;3,265986323710904;2,000000000000000;0492.png
;;1;834,50;9,438248672051948;1,469398321081535;0492.png
;;2;687,00;2,000000000000000;0,000000000000000;0492.png
;;0;3760,00;6,067663100165893;1,712735969986392;0493.png
;;1;1201,00;0,000000000000000;0,000000000000000;0493.png
;;2;1170,50;0,000000000000000;0,000000000000000;0493.png
;;0;5396,50;8,557999465010200;2,647179392699341;0494.png
;;1;1626,50;2,309401076758503;1,333333333333333;0494.png
;;2;88,00;4,472135954999580;0,000000000000000;0494.png
;;0;33,00;8,980244532669124;4,893491506278507;0495.png
;;1;20,50;2,309401076758503;1,333333333333333;0495.png
;;2;16,50;14,272782664285289;3,691402244172448;0495.png
;;0;3439,00;2,000000000000000;0,000000000000000;0496.png
;;1;1073,00;4,341695451102850;1,276589444525070;0496.png
;;2;974,00;9,744278579068652;2,831081307214908;0496.png
;;0;46,00;3,023715784073818;2,799416848895061;0497.png
;;1;29,00;0,000000000000000;0,000000000000000;0497.png
;;2;29,00;2,000000000000000;0,000000000000000;0497.png
;;0;26,50;5,138093031466052;2,529822128134703;0498.png
;;1;24,50;0,000000000000000;0,000000000000000;0498.png
;;2;18,00;2,000000000000000;0,000000000000000;0498.png
;;0;25,50;0,000000000000000;0,000000000000000;0499.png
;;1;25,00;4,472135954999580;0,000000000000000;0499.png
;;2;18,50;6,000000000000000;1,959591794226542;0499.png
;;0;28,50;2,000000000000000;0,000000000000000;0500.png
;;1;27,50;2,000000000000000;0,000000000000000;0500.png
;;2;20,00;0,000000000000000;0,000000000000000;0500.png
;;0;27,50;0,000000000000000;0,000000000000000;0501.png
;;1;21,50;3,464101615137754;1,414213562373095;0501.png
;;2;16,00;0,000000000000000;0,000000000000000;0501.png
;;0;751,00;0,000000000000000;0,000000000000000;0502.png
;;1;305,00;3,098386676965933;1,788854381999832;0502.png
;;2;63,50;3,677088528342677;0,837402040213009;0502.png
;;0;3384,50;3,265986323710904;0,000000000000000;0503.png
;;1;1015,50;0,000000000000000;0,000000000000000;0503.png
;;2;762,50;2,000000000000000;2,000000000000000;0503.png
;;0;6896,00;3,677088528342677;0,837402040213009;0504.png
;;1;195,00;5,831241540715292;3,135818360127691;0504.png
;;2;87,50;5,438198096416778;2,232935615759875;0504.png
;;0;6875,50;0,000000000000000;0,000000000000000;0505.png
;;1;287,00;3,464101615137754;1,414213562373095;0505.png
;;2;279,00;0,000000000000000;0,000000000000000;0505.png
;;0;174,00;3,265986323710904;0,000000000000000;0506.png
;;1;139,50;6,381445876973021;2,527500668719029;0506.png
;;2;34,50;4,472135954999580;2,000000000000000;0506.png
;;0;123,50;0,000000000000000;0,000000000000000;0507.png
;;1;58,50;6,094800346590387;2,780134597492022;0507.png
;;2;55,50;3,885753375057407;2,795442890696132;0507.png
;;0;47,00;4,155374705678736;1,905471133100374;0508.png
;;1;47,00;3,464101615137754;2,738612787525831;0508.png
;;2;42,50;4,155374705678736;1,905471133100374;0508.png
;;0;298,00;4,507893913753563;2,104493398028036;0509.png
;;1;287,50;9,276006676918190;2,016633640719168;0509.png
;;2;139,00;6,199798383818623;3,162277660168380;0509.png
;;0;46,50;2,309401076758503;1,333333333333333;0510.png
;;1;33,00;0,000000000000000;0,000000000000000;0510.png
;;2;31,50;4,472135954999580;0,000000000000000;0510.png
;;0;131,00;2,000000000000000;0,000000000000000;0511.png
;;1;103,50;2,000000000000000;0,000000000000000;0511.png
;;2;32,50;10,107508946674251;1,617417902299133;0511.png
;;0;500,00;3,098386676965933;1,788854381999832;0512.png
;;1;333,50;0,000000000000000;0,000000000000000;0512.png
;;2;189,50;0,000000000000000;0,000000000000000;0512.png
;;0;22,50;4,341695451102850;1,276589444525070;0513.png
;;1;20,00;8,000000000000000;0,000000000000000;0513.png
;;2;17,00;2,309401076758503;1,333333333333333;0513.png
;;0;66,50;3,464101615137754;2,738612787525831;0514.png
;;1;58,00;4,603066923192716;2,758944526555245;0514.png
;;2;53,50;4,000000000000000;1,632993161855452;0514.png
;;0;35,00;2,309401076758503;1,333333333333333;0515.png
;;1;35,00;2,000000000000000;0,000000000000000;0515.png
;;2;22,50;3,265986323710904;0,000000000000000;0515.png
;;0;51,50;2,000000000000000;0,000000000000000;0516.png
;;1;47,50;2,828427124746190;0,000000000000000;0516.png
;;2;46,00;2,000000000000000;2,000000000000000;0516.png
;;0;4601,50;3,464101615137754;2,738612787525831;0517.png
;;1;748,50;2,309401076758503;1,333333333333333;0517.png
;;2;330,50;4,976979969245306;1,797128372078910;0517.png
;;0;6727,00;5,968584862682697;3,473254199875813;0518.png
;;1;123,50;6,505415274417263;1,763992877766421;0518.png
;;2;102,00;2,000000000000000;0,000000000000000;0518.png
;;0;1241,00;3,265986323710904;2,000000000000000;0519.png
;;1;747,00;3,265986323710904;0,000000000000000;0519.png
;;2;328,00;6,000000000000000;3,464101615137754;0519.png
;;0;3341,00;2,828427124746190;1,732050807568877;0520.png
;;1;714,00;2,000000000000000;0,000000000000000;0520.png
;;2;582,00;5,896459480240757;1,342830655483958;0520.png
;;0;75,50;3,236067977499790;1,236067977499790;0521.png
;;1;66,50;0,000000000000000;0,000000000000000;0521.png
;;2;61,50;3,098386676965933;1,788854381999832;0521.png
;;0;80,50;3,464101615137754;1,414213562373095;0522.png
;;1;61,00;2,828427124746190;1,732050807568877;0522.png
;;2;58,00;8,000000000000000;2,000000000000000;0522.png
;;0;3159,50;3,464101615137754;1,414213562373095;0523.png
;;1;519,00;2,000000000000000;0,000000000000000;0523.png
;;2;476,50;4,472135954999580;2,000000000000000;0523.png
;;0;170,50;5,656854249492381;2,000000000000000;0524.png
;;1;98,50;14,760023138360614;4,908535112949620;0524.png
;;2;78,00;5,407508708767874;2,350379046742255;0524.png
;;0;32,50;2,000000000000000;2,000000000000000;0525.png
;;1;24,00;4,807401700618652;2,309401076758502;0525.png
;;2;20,00;8,199213623250282;2,864925654776818;0525.png
;;0;3487,50;0,000000000000000;0,000000000000000;0526.png
;;1;2920,00;2,000000000000000;0,000000000000000;0526.png
;;2;623,00;8,862638236308426;4,760933243310442;0526.png
;;0;60,00;4,972652484064489;2,745394340098455;0527.png
;;1;32,50;2,000000000000000;0,000000000000000;0527.png
;;2;24,50;5,685009884989297;2,344961497712873;0527.png
;;0;4703,50;3,098386676965933;1,788854381999832;0528.png
;;1;783,00;3,023715784073818;2,799416848895061;0528.png
;;2;372,50;2,000000000000000;0,000000000000000;0528.png
;;0;462,00;3,265986323710904;0,000000000000000;0529.png
;;1;233,00;7,090288382647945;2,480694691784168;0529.png
;;2;143,00;0,000000000000000;0,000000000000000;0529.png
;;0;48,50;4,610834905547121;3,068857674151979;0530.png
;;1;41,50;3,098386676965933;1,788854381999832;0530.png
;;2;35,50;3,703280399090206;2,138089935299395;0530.png
;;0;3229,00;4,472135954999580;0,000000000000000;0531.png
;;1;755,50;3,265986323710904;0,000000000000000;0531.png
;;2;513,00;5,196736578748781;2,565288636898106;0531.png
;;0;6287,50;3,098386676965933;1,788854381999832;0532.png
;;1;79,50;4,312594463574638;2,660928660904759;0532.png
;;2;68,50;6,939208577983597;2,289941924019228;0532.png
;;0;7294,50;3,023715784073818;2,799416848895061;0533.png
;;1;81,00;3,464101615137754;1,414213562373095;0533.png
;;2;77,50;0,000000000000000;0,000000000000000;0533.png
;;0;3130,00;6,145000277630614;2,702602513377822;0534.png
;;1;499,50;3,265986323710904;0,000000000000000;0534.png
;;2;458,50;2,000000000000000;0,000000000000000;0534.png
;;0;67,50;0,000000000000000;0,000000000000000;0535.png
;;1;35,50;4,933331945195333;1,123492731847979;0535.png
;;2;28,00;0,000000000000000;0,000000000000000;0535.png
;;0;1076,00;4,000000000000000;1,632993161855452;0536.png
;;1;304,50;3,126943839882286;2,309401076758503;0536.png
;;2;206,50;2,309401076758503;1,333333333333333;0536.png
;;0;32,50;2,000000000000000;0,000000000000000;0537.png
;;1;31,50;0,000000000000000;0,000000000000000;0537.png
;;2;28,50;6,780019934022160;1,305679547981528;0537.png
;;0;3740,50;0,000000000000000;0,000000000000000;0538.png
;;1;586,50;6,897088089272231;1,932863423210776;0538.png
;;2;251,50;2,000000000000000;2,000000000000000;0538.png
;;0;3289,50;2,309401076758503;1,333333333333333;0539.png
;;1;506,50;5,189483704979297;2,630684045106107;0539.png
;;2;499,00;4,100618600451318;2,486951365353307;0539.png
;;0;259,50;2,000000000000000;0,000000000000000;0540.png
;;1;181,50;4,093338188813542;1,563516060678838;0540.png
;;2;151,00;2,000000000000000;2,000000000000000;0540.png
;;0;3119,00;4,155374705678736;1,905471133100374;0541.png
;;1;463,00;2,000000000000000;0,000000000000000;0541.png
;;2;394,50;8,261297173761164;1,936741853424405;0541.png
;;0;7836,50;2,000000000000000;2,000000000000000;0542.png
;;1;220,00;4,363338213437162;1,655009792399060;0542.png
;;2;188,50;4,507893913753563;2,104493398028036;0542.png
;;0;59,50;5,537749241945383;2,748737083745107;0543.png
;;1;42,50;4,155374705678736;1,905471133100374;0543.png
;;2;41,00;10,512556405629748;2,695168936491874;0543.png
;;0;118,00;2,309401076758503;1,333333333333333;0544.png
;;1;59,50;2,828427124746190;0,000000000000000;0544.png
;;2;47,50;5,537749241945383;2,748737083745107;0544.png
;;0;319,00;2,309401076758503;1,333333333333333;0545.png
;;1;209,50;4,363338213437162;1,655009792399060;0545.png
;;2;179,50;3,582070095417670;2,471345654035172;0545.png
;;0;814,00;0,000000000000000;0,000000000000000;0546.png
;;1;307,00;3,098386676965933;1,788854381999832;0546.png
;;2;209,50;3,098386676965933;1,788854381999832;0546.png
;;0;217,50;2,000000000000000;2,000000000000000;0547.png
;;1;113,00;3,265986323710904;0,000000000000000;0547.png
;;2;106,50;4,472135954999580;0,000000000000000;0547.png
;;0;139,00;4,268749491621899;3,829708431025352;0548.png
;;1;106,00;2,828427124746190;0,000000000000000;0548.png
;;2;52,50;4,634736211286691;1,826347935745029;0548.png
;;0;5100,00;3,098386676965933;1,788854381999832;0549.png
;;1;618,50;4,268749491621899;3,829708431025352;0549.png
;;2;295,50;4,472135954999580;2,000000000000000;0549.png
;;0;3196,00;3,265986323710904;0,000000000000000;0550.png
;;1;448,00;2,000000000000000;2,000000000000000;0550.png
;;2;325,50;2,000000000000000;0,000000000000000;0550.png
;;0;2330,00;3,703280399090206;2,138089935299395;0551.png
;;1;568,00;4,472135954999580;0,000000000000000;0551.png
;;2;246,00;0,000000000000000;0,000000000000000;0551.png
;;0;167,50;2,000000000000000;0,000000000000000;0552.png
;;1;128,50;18,628814573905551;4,847337344950322;0552.png
;;2;109,50;8,967407896136747;4,880570727312977;0552.png
;;0;6965,00;7,649717923146206;2,215939332397687;0553.png
;;1;322,00;0,000000000000000;0,000000000000000;0553.png
;;2;255,00;11,510848774287066;4,135046238077410;0553.png
;;0;7526,50;4,155374705678736;1,905471133100374;0554.png
;;1;333,00;0,000000000000000;0,000000000000000;0554.png
;;2;256,00;9,555014612808016;3,544405007915486;0554.png
;;0;1312,50;3,265986323710904;2,000000000000000;0555.png
;;1;518,50;3,582070095417670;2,471345654035172;0555.png
;;2;134,00;5,274258481434536;1,946056459258261;0555.png
;;0;2335,00;5,449353665897314;3,145851452097728;0556.png
;;1;878,50;0,000000000000000;0,000000000000000;0556.png
;;2;551,50;3,265986323710904;2,000000000000000;0556.png
;;0;894,00;5,420936446930496;2,142138342945171;0557.png
;;1;568,50;3,265986323710904;0,000000000000000;0557.png
;;2;453,50;2,000000000000000;0,000000000000000;0557.png
;;0;891,00;3,265986323710904;0,000000000000000;0558.png
;;1;547,50;2,000000000000000;0,000000000000000;0558.png
;;2;426,00;3,265986323710904;0,000000000000000;0558.png
;;0;114,00;3,464101615137754;2,738612787525831;0559.png
;;1;114,00;4,120404556321350;2,402554118484380;0559.png
;;2;96,00;4,000000000000000;1,632993161855452;0559.png
;;0;3930,50;5,366563145999495;2,190890230020665;0560.png
;;1;1485,50;5,537749241945383;2,748737083745107;0560.png
;;2;855,00;6,468355765954826;2,247056424286635;0560.png
;;0;3726,00;3,829708431025352;1,885618083164127;0561.png
;;1;1514,50;0,000000000000000;0,000000000000000;0561.png
;;2;827,00;4,796702691401646;1,764679084109074;0561.png
;;0;105,50;4,828427124746190;0,828427124746190;0562.png
;;1;93,00;13,454532585330337;6,202681016512003;0562.png
;;2;88,50;3,265986323710904;0,000000000000000;0562.png
;;0;197,50;3,464101615137754;2,738612787525831;0563.png
;;1;159,50;4,472135954999580;0,000000000000000;0563.png
;;2;130,00;3,098386676965933;1,788854381999832;0563.png
;;0;93,50;3,098386676965933;1,788854381999832;0564.png
;;1;85,00;10,896717579520528;4,142798638610084;0564.png
;;2;78,00;3,236067977499790;1,236067977499790;0564.png
;;0;127,00;5,196736578748781;2,565288636898106;0565.png
;;1;119,50;4,541385054734408;2,774134420794162;0565.png
;;2;108,00;2,000000000000000;2,000000000000000;0565.png
;;0;1321,50;0,000000000000000;0,000000000000000;0566.png
;;1;339,50;0,000000000000000;0,000000000000000;0566.png
;;2;289,00;3,651483716701108;2,108185106778920;0566.png
;;0;624,50;2,000000000000000;2,000000000000000;0567.png
;;1;593,00;3,098386676965933;1,788854381999832;0567.png
;;2;244,50;2,000000000000000;2,000000000000000;0567.png
;;0;4730,00;7,283790391935712;1,302458262803462;0568.png
;;1;704,50;20,257558026875426;5,205515552804645;0568.png
;;2;662,00;4,472135954999580;0,000000000000000;0568.png
;;0;3739,50;3,265986323710904;2,000000000000000;0569.png
;;1;1644,50;2,309401076758503;1,333333333333333;0569.png
;;2;664,00;2,000000000000000;0,000000000000000;0569.png
;;0;502,50;0,000000000000000;0,000000000000000;0570.png
;;1;422,50;2,000000000000000;0,000000000000000;0570.png
;;2;270,00;5,656854249492381;0,000000000000000;0570.png
;;0;631,00;2,000000000000000;0,000000000000000;0571.png
;;1;264,00;3,677088528342677;0,837402040213009;0571.png
;;2;206,50;4,155374705678736;1,905471133100374;0571.png
;;0;152,50;6,340011033504530;0,874219706390114;0572.png
;;1;149,50;8,196221964871601;1,712616890512122;0572.png
;;2;126,50;5,738866430431609;2,637100866966231;0572.png
;;0;260,50;5,133805351608395;1,542315301534689;0573.png
;;1;217,00;0,000000000000000;0,000000000000000;0573.png
;;2;161,50;0,000000000000000;0,000000000000000;0573.png
;;0;111,00;2,828427124746190;1,732050807568877;0574.png
;;1;101,00;3,829708431025352;1,885618083164127;0574.png
;;2;87,50;5,967366459522714;2,749933666636243;0574.png
;;0;4299,00;7,704827029912549;2,551595665290443;0575.png
;;1;1499,00;3,098386676965933;1,788854381999832;0575.png
;;2;252,50;4,472135954999580;0,000000000000000;0575.png
;;0;160,00;2,000000000000000;2,000000000000000;0576.png
;;1;143,00;3,265986323710904;0,000000000000000;0576.png
;;2;137,00;8,749781132268048;2,488238360247281;0576.png
;;0;117,50;2,000000000000000;0,000000000000000;0577.png
;;1;116,00;4,098780306383840;2,993325909419153;0577.png
;;2;104,50;7,554371880072024;1,975317619716008;0577.png
;;0;225,00;2,000000000000000;0,000000000000000;0578.png
;;1;149,00;2,000000000000000;0,000000000000000;0578.png
;;2;141,50;15,741781671488786;4,712683068338520;0578.png
;;0;2881,50;0,000000000000000;0,000000000000000;0579.png
;;1;407,00;7,743862892614137;3,497446780961017;0579.png
;;2;232,00;4,155374705678736;1,905471133100374;0579.png
;;0;100,00;3,464101615137754;2,738612787525831;0580.png
;;1;74,50;2,309401076758503;1,333333333333333;0580.png
;;2;66,00;4,472135954999580;0,000000000000000;0580.png
;;0;1009,50;3,464101615137754;2,828427124746190;0581.png
;;1;519,50;2,000000000000000;0,000000000000000;0581.png
;;2;410,00;8,894226091074424;4,478525056901594;0581.png
;;0;193,50;5,284476878556560;2,018490554845656;0582.png
;;1;151,00;6,199798383818623;3,162277660168380;0582.png
;;2;121,00;7,523496817183618;3,711759815920767;0582.png
;;0;1415,00;2,000000000000000;0,000000000000000;0583.png
;;1;264,00;2,000000000000000;0,000000000000000;0583.png
;;2;227,00;13,114433749155816;6,661371655819998;0583.png
;;0;1023,00;3,677088528342677;0,837402040213009;0584.png
;;1;394,50;2,000000000000000;0,000000000000000;0584.png
;;2;243,00;4,993927366567251;1,772659614960501;0584.png
;;0;7901,50;2,000000000000000;0,000000000000000;0585.png
;;1;3586,50;23,681488878742929;3,346622847883385;0585.png
;;2;742,00;7,468528514200192;2,886487220858128;0585.png
;;0;3592,50;6,831300510639732;2,000000000000000;0586.png
;;1;747,50;0,000000000000000;0,000000000000000;0586.png
;;2;605,50;5,982593621313812;3,048445178555737;0586.png
;;0;3523,00;5,203549084703927;3,076923076923077;0587.png
;;1;576,00;0,000000000000000;0,000000000000000;0587.png
;;2;544,50;2,309401076758503;1,333333333333333;0587.png
;;0;7284,00;9,771951081218498;2,556691787700965;0588.png
;;1;343,50;0,000000000000000;0,000000000000000;0588.png
;;2;292,00;7,736310811221831;5,059493514573266;0588.png
;;0;7555,50;10,679526099945981;4,346747583156676;0589.png
;;1;3273,00;3,098386676965933;1,788854381999832;0589.png
;;2;500,00;12,346620617192018;2,495521188408473;0589.png
;;0;539,00;2,000000000000000;2,000000000000000;0590.png
;;1;298,50;2,309401076758503;1,333333333333333;0590.png
;;2;164,50;4,120404556321350;2,402554118484380;0590.png
;;0;454,50;0,000000000000000;0,000000000000000;0591.png
;;1;367,50;10,112711579135354;6,011078482038120;0591.png
;;2;202,50;3,098386676965933;1,788854381999832;0591.png
;;0;458,50;4,541385054734408;2,774134420794162;0592.png
;;1;377,00;0,000000000000000;0,000000000000000;0592.png
;;2;209,50;2,309401076758503;1,333333333333333;0592.png
;;0;7496,50;3,703280399090206;2,138089935299395;0593.png
;;1;744,00;5,055900530816918;3,137858162210945;0593.png
;;2;548,00;3,265986323710904;0,000000000000000;0593.png
;;0;28,00;7,821115896906301;2,418791907218324;0594.png
;;1;25,00;2,309401076758503;1,333333333333333;0594.png
;;2;23,00;8,068647991976761;3,662632658849055;0594.png
;;0;810,50;2,309401076758503;1,333333333333333;0595.png
;;1;477,50;0,000000000000000;0,000000000000000;0595.png
;;2;382,50;5,789587707837038;2,245144577362954;0595.png
;;0;351,00;13,368859284288469;2,247527355711550;0596.png
;;1;282,50;9,924211300002810;2,992402799982143;0596.png
;;2;163,50;3,098386676965933;1,788854381999832;0596.png
;;0;3344,50;2,309401076758503;1,333333333333333;0597.png
;;1;1183,00;4,533315962095487;3,011458300982113;0597.png
;;2;1104,00;6,021007592560452;2,016796363128762;0597.png
;;0;2780,00;2,000000000000000;0,000000000000000;0598.png
;;1;999,50;0,000000000000000;0,000000000000000;0598.png
;;2;463,50;2,000000000000000;0,000000000000000;0598.png
;;0;2623,00;7,491648016825107;1,940128573288203;0599.png
;;1;463,00;21,164430217358113;1,774524938929603;0599.png
;;2;397,00;12,869513617390906;3,955454367299675;0599.png
;;0;290,50;2,000000000000000;0,000000000000000;0600.png
;;1;13,50;2,000000000000000;0,000000000000000;0600.png
;;2;13,00;5,274258481434536;1,946056459258261;0600.png
